Ni_fraction,Co_fraction,Fe_fraction,Calcination_temp_C,Surface_area_m2g,Metal_sum
0.3686764973699444,0.2475493973783967,0.3837741052516589,589.8421055767526,119.57174679563371,1.0
0.21284889706008472,0.6985951962629453,0.08855590667697001,697.4975090938597,189.36488421863132,1.0
0.5948005548043911,0.16498255217568664,0.24021689301992225,639.3417907093833,113.7669757403518,1.0
0.18152674979352293,0.5212894816164233,0.29718376859005374,338.53789506240594,126.91050068026337,1.0
0.046653765523892485,0.39157208318589404,0.5617741512902135,309.6855031029422,84.26648495087787,1.0
0.21106161802661086,0.09215158477637472,0.6967867971970144,363.87656840634594,81.29508531402726,1.0
0.39400477878657364,0.2722641876079064,0.3337310336055199,457.30363223517213,91.85913325661727,1.0
0.3311649108732153,0.44359191693643857,0.2252431721903461,459.8184725207593,87.89905580159524,1.0
0.45733737339707664,0.28573996260055945,0.2569226640023639,524.5501066868944,72.85032205958144,1.0
0.561084245079663,0.1960796969515727,0.2428360579687644,333.85400359682,112.05807425491722,1.0
0.2827692084748069,0.28315048316662317,0.43408030835857003,332.2681193147264,133.4884503864121,1.0
0.3760488167781904,0.2609159843938036,0.363035198828006,402.28816240149786,102.1656409779392,1.0
0.13446223677533034,0.2619036564741426,0.603634106750527,457.7880009140672,183.60958450399983,0.9999999999999999
0.1518871469269602,0.4545377692385102,0.39357508383452955,326.37534573234564,75.66898478323029,1.0
0.4948155037625284,0.13957970696621455,0.36560478927125706,574.2128484113077,90.48250917749328,1.0
0.46788129690589325,0.17635060935111044,0.3557680937429962,556.354374278127,124.16483053726807,0.9999999999999999
0.5099321863068491,0.42087496169088934,0.06919285200226144,678.2664216640738,169.99318637805985,0.9999999999999999
0.23944356084572443,0.4778952831632551,0.2826611559910206,420.6709825767731,116.44968656746899,1.0
0.5017533401394175,0.07423864518474534,0.424008014675837,463.6951830191228,198.10954637325565,0.9999999999999998
0.6177716635550379,0.22199224563844813,0.160236090806514,434.3055952783036,157.11143070063514,1.0
0.13967085979632463,0.47383415187779926,0.38649498832587614,448.02465889812186,66.26637472881026,1.0
0.4281889780086832,0.35614535230889466,0.21566566968242196,412.7228872302772,135.82921928103684,0.9999999999999998
0.012744289983291206,0.5121362046889303,0.4751195053277785,302.73662434484646,130.34696816511823,1.0
0.2714355810753302,0.14712774743683665,0.5814366714878332,575.65432556818,188.11180734778927,1.0
0.4497392792442838,0.45183334644676587,0.0984273743089504,608.4673540782635,142.68751574784142,1.0
0.005324639952793636,0.8383539670170929,0.15632139303011347,544.7172776258219,54.62370662834669,1.0
0.3001451670808173,0.39248686185543435,0.3073679710637483,452.5225041563722,94.22272535255559,1.0
0.46847439004498903,0.036347271881936136,0.4951783380730748,655.3738118181998,103.07518100002326,1.0
0.3502045004998855,0.22214972481397302,0.4276457746861415,515.5426175580991,86.75795317968291,1.0
0.2767269299973909,0.4593905507080896,0.26388251929451945,686.048870831756,104.2935163760359,0.9999999999999999
0.5137650704779464,0.08174818455734992,0.4044867449647037,662.7567710851688,197.26742727765938,1.0
0.24990741402539812,0.11548323051109786,0.634609355463504,537.8184043085705,70.7694057524247,1.0
0.19955371366065333,0.14951729267453917,0.6509289936648075,386.3700699550591,135.03354425918255,1.0
0.36873681353908594,0.33096794677226576,0.3002952396886483,687.7462888857418,137.31413018147907,1.0
0.15263499550040394,0.5964202551939444,0.25094474930565175,425.65116514396084,166.0506176547254,1.0
0.23455290887264074,0.7324375350887318,0.03300955603862742,468.0866581869961,116.07541759416291,1.0
0.038802930578205,0.6708991460560189,0.2902979233657761,525.3472567585354,182.3683962703667,1.0
0.3771690219245571,0.20868017829896185,0.41415079977648095,454.6025683109208,157.02126184522314,0.9999999999999999
0.4798108922063356,0.13605938158254635,0.384129726211118,571.3351098623001,72.45401470501265,1.0
0.36776357946941135,0.33231292643851373,0.29992349409207486,482.24285226742836,121.60690289812997,0.9999999999999999
0.2056132672148843,0.19546295689112492,0.5989237758939908,646.284881997959,100.09581911368754,1.0
0.009261867045248742,0.43609683584004744,0.5546412971147039,671.1025339962971,149.1481010205138,1.0
0.21410231463612206,0.22765889998468936,0.5582387853791887,504.1567003790542,181.18537786111526,1.0
0.35112413281042143,0.08621519284211521,0.5626606743474633,421.6579499591948,123.98072654185252,0.9999999999999999
0.3787943178558927,0.2722075610873913,0.34899812105671596,331.2355013943624,139.91406613193539,1.0
0.35878332878882374,0.30119915501071337,0.3400175162004629,413.0928199106551,98.86823077887476,1.0
0.4420825090248979,0.26627119911467134,0.2916462918604307,554.7231659574124,83.02009303351994,0.9999999999999999
0.6337393844574816,0.07638058659176462,0.2898800289507538,336.7857305728184,155.56725680097028,1.0
0.4369021973006146,0.04320799016349997,0.5198898125358855,353.17538432752076,137.11819525379002,1.0
0.44933994410310446,0.1756045944818555,0.37505546141504004,577.3006527652742,108.07223537408794,1.0
0.25414181938699915,0.4302055843365933,0.3156525962764076,387.8017283496389,118.02900129110073,1.0
0.5495607690152128,0.16193802850498568,0.28850120247980154,491.9467529144358,107.42166990087307,1.0
0.5609555497039583,0.36137022349571796,0.07767422680032368,424.68490245362307,131.02370885825377,1.0
0.2623189521524089,0.34969902417574744,0.38798202367184353,302.3076079490677,122.29365559509907,0.9999999999999999
0.12063590258216009,0.39858911793787266,0.48077497947996717,517.1270849471113,108.29578564196015,0.9999999999999999
0.25042188867541076,0.24433177870219752,0.5052463326223917,569.6999960462124,114.24466051195334,1.0
0.6645098466475843,0.2938726630446702,0.041617490307745454,415.8004899393342,151.52863020447717,0.9999999999999999
0.46758291501014065,0.282712191285155,0.24970489370470425,483.5809976410259,96.46949842912889,0.9999999999999999
0.2331429055025707,0.6098831379978418,0.1569739564995876,680.720709486736,138.54692751452066,1.0
0.19393841373907478,0.4723692968003857,0.3336922894605396,667.376417967383,168.90725501720135,1.0
0.2896801590275698,0.4215760140484766,0.2887438269239537,502.78862170384764,110.64272835676323,1.0
0.3151080961285335,0.5701104905696834,0.11478141330178294,635.7868293459994,151.0580694767138,0.9999999999999999
0.7063168388261429,0.07937791397776228,0.2143052471960947,541.3059905519079,162.9900822650521,0.9999999999999999
0.33561282342683924,0.46107158681811267,0.2033155897550482,606.962498820343,79.7153426219854,1.0000000000000002
0.44508874705182566,0.048723816117045037,0.5061874368311293,395.571652168136,141.2454318533679,1.0
0.42986346581453144,0.4001665104652738,0.16997002372019482,552.2936658965859,97.61355331574526,1.0
0.3613356834735494,0.31291008657677255,0.3257542299496782,560.1114247453393,134.26036914880953,1.0
0.29393198537500786,0.4006556621978298,0.30541235242716236,581.5324054249412,110.01921805318982,1.0
0.3358582036500508,0.6384720729265855,0.025669723423363662,343.5250543964269,67.46521276861114,1.0
0.16454067491698382,0.4085054309220618,0.42695389416095436,437.9279392837134,111.77148524073067,1.0
0.31937071944874457,0.37231071021751094,0.3083185703337445,531.5420555887729,108.96020445410562,1.0
0.03983800883628919,0.43818747043612405,0.5219745207275869,321.20627742753965,80.72012196754322,1.0
0.12239275845525652,0.34964181985989884,0.5279654216848446,669.5298327904713,129.9026410144878,1.0
0.3951495208158449,0.4227156926475115,0.18213478653664364,303.7330897933374,148.13049003579152,1.0
0.4885326392307898,0.1405838079650384,0.3708835528041718,597.3484480158365,105.4527165054125,1.0
0.48118499261087966,0.3559878941339026,0.16282711325521762,461.2933441417781,179.68109428739677,0.9999999999999999
0.2502187133996632,0.3897178357827246,0.36006345081761215,503.61650434870035,100.28709215795575,1.0
0.6622723668098217,0.02831842562349238,0.3094092075666858,569.5052171382263,144.84483989624277,0.9999999999999999
0.19350931439048774,0.17989190259212387,0.6265987830173884,407.45112290791565,155.89630919423342,1.0
0.4531998758455143,0.49396099181690845,0.05283913233757734,650.8331615345612,179.16730576187962,1.0000000000000002
0.7483608695381392,0.03288863152711642,0.2187504989347443,374.3115292712031,61.10088960264873,0.9999999999999999
0.004269220242430847,0.6808701709917503,0.3148606087658189,645.5148643745028,79.10026858085773,1.0
0.2770733219023631,0.2899604858031672,0.43296619229446964,300.0823732808827,104.59130014903866,1.0
0.3836185865965566,0.32452164167451697,0.29185977172892635,582.2414366182297,145.12680853186072,1.0
0.15562787359364255,0.4260535050081068,0.4183186213982507,602.3586736663885,98.41822244670567,1.0
0.03980868856967177,0.3354473575759888,0.6247439538543395,640.7542144478774,116.65971084390749,1.0
0.6808551344155224,0.1177048988970049,0.20143996668747258,477.7296158250757,58.38795461013588,0.9999999999999998
0.44356857922716453,0.3665860817764219,0.18984533899641345,465.00384949733694,80.41099644662708,0.9999999999999998
0.17634607834713048,0.3843027702264261,0.4393511514264433,453.4455668073049,79.01877237460465,0.9999999999999999
0.4561979677633678,0.22263066320911254,0.32117136902751964,418.356399748007,165.6151073090217,1.0
0.4363415470328118,0.5541876243508285,0.00947082861635978,419.061497722862,76.67248369825273,1.0
0.1340091055486628,0.4232188239625071,0.44277207048883016,683.3727352413268,185.10907749736768,1.0
0.289229124087945,0.38451745593674325,0.32625341997531176,614.9589258939882,99.62659483525773,1.0
0.3283642841041772,0.34431002530246746,0.3273256905933553,423.88124880806396,87.64749417846592,1.0
0.3089631935918611,0.22256194753874609,0.46847485886939283,649.4927243121018,59.21657733626562,1.0
0.41071181229205805,0.28223003420998266,0.30705815349795923,305.0922967060654,170.17645673102433,1.0
0.06644078253506018,0.4273394503463951,0.5062197671185448,466.1463672709462,145.98918204971682,1.0
0.28530415957067673,0.32149663571840903,0.3931992047109143,414.7420336535023,85.53026842987043,1.0
0.5731613061108758,0.248466057762852,0.17837263612627233,684.5470286785408,53.36377033340421,1.0000000000000002
0.27824772657385743,0.6129131560877343,0.1088391173384082,328.5114741324398,114.04617822661797,1.0
0.4169070679361386,0.49187313076621847,0.09121980129764298,308.3970936598535,113.14391746557783,1.0
0.25351001903666864,0.4762993377545395,0.27019064320879194,475.60468668278605,168.16524298269943,1.0
0.4440351744500605,0.29142174664420756,0.264543078905732,526.1755108510931,60.69976098784954,1.0
0.002559654343458887,0.4254674868602806,0.5719728587962606,331.1882537251519,173.05184797264377,1.0
0.34387883073637254,0.2342932452185569,0.4218279240450705,399.51932767364394,52.06409823324053,1.0
0.41380311032930944,0.49307729149977875,0.09311959817091182,321.78231608691635,71.50671154702377,1.0
0.007762157889053949,0.4836268601841423,0.5086109819268038,449.08728909233105,147.1967817065073,1.0
0.39068277505624593,0.22495631185683898,0.3843609130869151,433.4672745056988,54.849108712834926,1.0
0.005558174921593545,0.46623704413439304,0.5282047809440135,389.607742668539,131.55752123342938,1.0
0.361418888892882,0.2610845361266455,0.3774965749804725,313.79573586176423,83.46986629180323,1.0
0.5090723023584385,0.17940109268139945,0.311526604960162,588.074317102275,93.18660527330772,1.0
0.20885006962573271,0.2362241958409196,0.5549257345333477,392.33084386158816,84.65201300724479,1.0
0.1214067163824059,0.2246220464525628,0.6539712371650311,532.2899290396173,86.40525528495971,0.9999999999999998
0.1079063963667812,0.5812309542229974,0.31086264941022124,647.706713292054,163.8381417694215,0.9999999999999999
0.5203549245520012,0.0001919221361330587,0.47945315331186583,472.9850979284325,193.44439534493563,1.0
0.17596921188334577,0.6463526934578189,0.17767809465883533,396.119780560933,112.89782276132254,1.0
0.3400608540550364,0.07158486165754797,0.5883542842874158,313.28115799463876,68.02479869823449,1.0
0.5507261800023124,0.41432819392205156,0.034945626075636206,380.64671759226985,111.49255306046044,1.0000000000000002
0.4310393577808769,0.44135036824506296,0.12761027397406025,473.9212182467538,198.79780566311211,1.0000000000000002
0.7611852885804752,0.22723421527842524,0.01158049614109964,559.214555241966,193.2138926871026,1.0
0.4902219936332461,0.013436310615950482,0.4963416957508034,322.62344324262534,62.311036632935185,1.0
0.3809334326851576,0.2123381466354323,0.4067284206794102,657.814069197605,196.26797339014178,1.0
0.2529550068679233,0.6074976819544483,0.1395473111776284,430.4123375348547,163.31353152635364,1.0
0.334342724773773,0.5405049019458753,0.1251523732803516,330.3009041801086,185.58771591191427,0.9999999999999999
0.16981282050505167,0.4309218281148404,0.3992653513801079,545.228021235045,123.50662490627785,1.0
0.43101164689425303,0.017545742464177148,0.5514426106415697,665.1556306318898,71.05938206390428,1.0
0.2162670072191655,0.36049237468691453,0.42324061809391983,471.7018381269546,77.28539045830584,0.9999999999999998
0.5504921525817629,0.02479002972369574,0.42471781769454153,584.1810234537986,141.84036303558332,1.0
0.24739593447273286,0.35382291615963307,0.3987811493676341,620.612371879647,84.91343066798743,1.0
0.32746296649670664,0.2733377224544324,0.3991993110488609,477.0581700805085,128.5911178132614,1.0
0.2406453143448767,0.25390958735128694,0.5054450983038364,639.0098733093115,127.14416566111042,1.0
0.46815016533823417,0.33254098287062456,0.19930885179114127,649.9277437992935,146.48091797967567,1.0
0.2856836389050846,0.46274922217173226,0.25156713892318333,685.5321507270114,66.9974219184363,1.0000000000000002
0.4249829266083894,0.3131769948227835,0.2618400785688272,419.76291035439107,127.57761741466061,1.0
0.3556838397257074,0.23287811365079542,0.41143804662349714,478.63929519190344,70.22143614787599,0.9999999999999999
0.43139365035778676,0.33544329236196807,0.2331630572802451,409.49250646934956,117.39038646104026,0.9999999999999999
0.5505759935476425,0.3895654389366687,0.059858567515688695,324.43737606679986,156.60963792051444,0.9999999999999999
0.1616574310470526,0.564410058096379,0.27393251085656833,472.19842950274005,132.0377430089165,0.9999999999999999
0.9468180118961699,0.048457733633530425,0.004724254470299724,548.5397258155866,183.82728055567313,1.0
0.43707178528100804,0.40916024003951657,0.1537679746794753,609.8772486327924,119.81018501254555,1.0
0.2160871782828449,0.3602652381237753,0.4236475835933798,577.7005485077673,106.61502592002496,1.0
0.3533419558759126,0.2253405392878477,0.42131750483623975,601.2492909931326,143.15712280742397,1.0
0.2200972274698149,0.3482555969781303,0.4316471755520548,549.6779568246246,122.6637230491312,1.0
0.05929451731650376,0.34477998585363734,0.595925496829859,626.6776622987488,170.61339517154366,1.0
0.03232945002156422,0.46718813004107773,0.500482419937358,393.63218038213665,171.46909919476096,1.0
0.4840659030123087,0.028879637095776976,0.4870544598919143,553.2359057260705,132.94517365962287,1.0
0.43207618768069345,0.49651179725408684,0.07141201506521963,670.0923964976081,194.88184146475203,0.9999999999999999
0.4717787335750846,0.035583185282667074,0.4926380811422483,486.88469937825755,151.87501711007926,0.9999999999999999
0.3970930774298227,0.16740847445745063,0.4354984481127267,691.9990135499904,165.04754979325614,1.0
0.42574690237598745,0.37478291232734456,0.19947018529666793,547.3755350899787,136.7476388881355,0.9999999999999999
0.35079166729229466,0.3199550580426347,0.32925327466507076,628.4161092795591,62.995022492702354,1.0
0.41130926364470366,0.1656032710162081,0.42308746533908825,360.76114456812246,78.06176911842813,1.0
0.5824803667082394,0.35293128606750773,0.06458834722425273,619.8894357026892,75.22435304194079,1.0
0.2608784303186379,0.31282859239860805,0.42629297728275406,323.91149642595025,130.81395521401151,1.0
0.20005152339508306,0.3518984185888884,0.4480500580160285,451.32045173352816,199.99857758212644,0.9999999999999999
0.18566417308426056,0.6050427488660622,0.2092930780496772,436.18165008949177,184.7433525374628,1.0
0.05080477108265271,0.5242401124001063,0.424955116517241,573.1172604365333,74.0046051399147,1.0
0.34948243590842115,0.2025089051729859,0.44800865891859304,518.5606291822069,126.61977982434122,1.0
0.030491281613698712,0.17384278121795563,0.7956659371683455,456.7375132855357,152.2910495689701,0.9999999999999999
0.3874738854718559,0.21562947754457454,0.39689663698356953,364.2198533433193,74.98757262929493,1.0
0.5605761105406059,0.17099613393924096,0.26842775552015313,492.32493556157726,54.46219209747601,1.0
0.609125204902693,0.2194459017006694,0.17142889339663764,679.5941658387344,170.9024676572214,1.0
0.15950696094799044,0.41102949667322625,0.4294635423787833,636.3322889326926,154.36192700734443,1.0
0.29827553208184865,0.24240072370363905,0.45932374421451233,368.3025663761114,147.71804384254975,1.0
0.3791188228195694,0.13585835264577614,0.4850228245346545,629.8691031626718,162.24912644694723,1.0
0.5164482889494947,0.43577542943054653,0.047776281619958776,622.500889201677,76.32390064803144,1.0
0.29787598373387286,0.22115762853687257,0.48096638772925465,533.0579033891202,163.4822691095854,1.0
0.4732809824201517,0.34562622581202795,0.18109279176782025,512.4645820896793,141.04562508443433,0.9999999999999999
0.3275381915619605,0.3709574985958752,0.30150430984216425,505.2736308557116,144.17177841107318,0.9999999999999999
0.3631260838788046,0.5440492837523769,0.09282463236881848,521.4805006749054,87.21153511113769,1.0
0.6374955825439199,0.010786271363042547,0.3517181460930375,572.0699338046865,93.43635577774302,1.0
0.23763633713867058,0.35685083774566656,0.40551282511566283,514.8967578439701,140.44489415394514,1.0
0.2711410680728384,0.43568738045020244,0.29317155147695917,579.5440529450868,110.56861547095858,1.0
0.5323442008085585,0.23948789424959274,0.22816790494184871,306.3201100182714,70.03868078987557,0.9999999999999999
0.08949474168065338,0.1402327675856783,0.7702724907336683,318.09828425571544,92.68420623989276,1.0
0.3973776092735687,0.2829460544982938,0.3196763362281375,327.5130070968814,94.52570318787559,1.0
0.1293457669446385,0.4108439841733351,0.4598102488820264,306.8258877946987,52.94097734577481,1.0
0.28093656103444375,0.2674195592922885,0.4516438796732676,379.06970279955635,53.6946313779819,0.9999999999999998
0.3462749285033741,0.2948304956288067,0.35889457586781903,606.3208603959162,80.97394863109992,0.9999999999999998
0.7548680986881464,0.06691255550184315,0.17821934581001053,367.05138709210314,158.44339630959004,1.0
0.474305154884868,0.4073085519470747,0.11838629316805728,568.4148069277389,95.31220029570932,1.0
0.23079843786621615,0.4587622036297901,0.3104393585039937,558.9980509675604,188.51156781512762,1.0
0.10594003134797937,0.2521432693599378,0.6419166992920828,495.2123451133994,89.30528999506863,1.0
0.24812432745654722,0.38767668675624,0.36419898578721277,632.5564267788193,138.03413052378068,1.0
0.335240440234962,0.3078886516878385,0.3568709080771995,494.76610847815823,167.55040660298982,1.0
0.04963785694037246,0.39693517418804175,0.5534269688715858,585.932617711951,57.87946117174411,1.0
0.30408449745767907,0.3877750593994935,0.3081404431428274,628.9919880226048,120.56829410369762,1.0
0.2127025038009287,0.6508568967315738,0.13644059946749762,689.6831023340611,88.96988130630506,1.0
0.3019564411813497,0.4387395522638251,0.25930400655482516,440.46914565495206,182.76504221001676,1.0
0.31660441681892815,0.2932138988561086,0.3901816843249632,316.9003398881155,65.19820335627904,1.0
0.46365318062020605,0.3912825481660284,0.14506427121376553,316.6709967497185,157.41799429675774,1.0
0.8399636023556154,0.10265670508699906,0.05737969255738548,565.2075136675905,95.14107630014524,1.0
0.370124756279898,0.32710378982885735,0.30277145389124466,666.2994689177051,135.5143250852463,1.0
0.3052956554848646,0.569387747750675,0.1253165967644603,509.95646675836804,118.63768482399453,0.9999999999999999
0.549345336463898,0.08417723204093276,0.36647743149516915,616.8665212738968,127.9035401025553,1.0
0.25883055909793323,0.3418350099090118,0.39933443099305493,314.7744911269231,97.9438283166154,1.0
0.3917894581363543,0.03782113699807988,0.5703894048655659,358.82499256238884,97.3541368633621,1.0
0.2781196540451751,0.47491123671110386,0.24696910924372115,609.3260770585515,175.76166289085126,1.0
0.057446258565592025,0.1806483160567207,0.7619054253776872,531.0304363111355,182.02286500517204,1.0
0.3352237916788391,0.08790355144485769,0.5768726568763032,534.4053052012711,159.11573108421072,1.0
0.32163251461776393,0.4503122902692915,0.22805519511294473,528.6781386318739,76.81031515609094,1.0000000000000002
0.42006165122070477,0.19596838573977984,0.3839699630395153,673.0190558972929,88.56167017095352,1.0
0.042797047410280314,0.17127258388635527,0.7859303687033644,520.0399511243004,54.09718590717351,1.0
0.289200674126745,0.4468766215204623,0.2639227043527928,414.36779700804806,51.36511019347319,1.0
0.2417747974130111,0.32878103152195526,0.42944417106503363,462.7748689507222,89.10200128435966,1.0
0.09084289750576913,0.4363576397432146,0.47279946275101636,644.2091914298508,139.27905793876425,1.0
0.14629051523851103,0.11044835350928664,0.7432611312522024,406.47433093847235,90.67420970362164,1.0
0.7359414420838993,0.24946199421551915,0.014596563700581539,446.04795991341314,51.16225789450631,1.0
0.7805840015232397,0.11048403652972126,0.10893196194703901,602.669672228632,199.6940700663972,1.0
0.19190392509702284,0.4005003295903354,0.4075957453126418,600.1114956788831,166.32599588683217,1.0
0.24118854488064692,0.6718040858956905,0.08700736922366242,479.8890764030133,184.61494377002023,0.9999999999999998
0.5267595714125038,0.09898140395620852,0.37425902463128763,347.56633677203945,154.78958266962698,1.0
0.5408157638170032,0.254179045463196,0.20500519071980075,604.2996174744688,109.3038526514966,1.0
0.40149915353162496,0.20974303885021678,0.3887578076181582,373.5814179341226,166.87998156615956,1.0
0.6119146165921957,0.08538425244562049,0.30270113096218376,409.6512500004514,75.84380468715584,1.0
0.36686943669522015,0.30223317774667624,0.33089738555810366,390.6942379999081,180.09976661991237,1.0
0.5210839239612056,0.16054371576222715,0.3183723602765672,482.5253416913904,177.80653867077064,1.0
0.27589249213370426,0.40822534099931884,0.31588216686697695,623.6155138952462,106.26306434164573,1.0
0.18057191657235555,0.3536612222805805,0.46576686114706395,578.9937532722381,120.02421158777118,1.0
0.21850451483266525,0.09876000319631219,0.6827354819710226,324.9115440645645,99.44969014409668,1.0
0.5021765549596305,0.11253138564678314,0.38529205939358635,513.7286609070126,144.45850127896517,1.0
0.23013643176109966,0.11073017830744583,0.6591333899314545,354.40111238799045,99.14222275303072,1.0
0.4413741107221495,0.1687791324969523,0.38984675678089814,565.6536793740694,174.2057536563401,1.0
0.29360822738626685,0.231974301798658,0.4744174708150751,536.5834942781833,169.4345452821481,1.0
0.3249257268969836,0.28497902392001856,0.3900952491829979,624.6589148959936,65.7729513815961,1.0
0.646158147407491,0.1400050250445484,0.21383682754796063,580.2778506121047,61.40238739834158,1.0
0.4693444527501623,0.12672674870520395,0.4039287985446338,695.417725360825,103.40700077653503,1.0
0.17147259595937014,0.4227630209606921,0.4057643830799378,555.9588646763544,63.89832067063297,1.0
0.4347022371473901,0.09683851044682963,0.4684592524057803,660.1430153707217,164.17500020058804,1.0
0.26403497520695934,0.34839725437374347,0.38756777041929724,605.2069940428869,114.53209069413911,1.0
0.3655767329067925,0.4485948382255788,0.1858284288676288,378.2771795823563,92.1398479960178,1.0
0.37097866687977227,0.3310356126415638,0.29798572047866395,522.8509466722446,72.56761283561234,1.0
0.1468002084423974,0.10133148024386615,0.7518683113137364,522.2655993211376,69.75594087955358,1.0
0.48218422263877814,0.39106561580471744,0.1267501615565044,620.9446400965649,173.57217317677265,1.0
0.2376913298543763,0.3600386200429934,0.40227005010263034,336.9981368684532,160.54874641868275,1.0
0.21797496204908046,0.3965436553712118,0.38548138257970777,563.024648626817,126.13748619756949,1.0
0.37364294959329936,0.518477967282967,0.10787908312373376,698.2589669079823,152.8473960465638,1.0000000000000002
0.36679851206602115,0.2861569986648838,0.34704448926909504,350.2902309937675,159.3039380522919,1.0
0.05875280698653353,0.6008402149696069,0.34040697804385966,342.4195234833373,150.53814231236774,1.0
0.3135071101401998,0.3286378293729193,0.357855060486881,486.16873313468943,117.57958246076582,1.0
0.49808587458298426,0.4497572539505668,0.05215687146644893,674.6315737826059,66.19202667050081,1.0
0.3688914585252941,0.38767029702047906,0.24343824445422685,542.1918522757255,107.77440317380555,1.0
0.4519999617264026,0.32334529514648747,0.22465474312710995,333.2917044153143,82.91879097155146,1.0
0.16526330834932038,0.7062676894263415,0.12846900222433794,673.8586780939922,160.98017623672416,0.9999999999999998
0.30707386940052733,0.3530417790026326,0.33988435159684,304.28296738941714,130.6484118944189,1.0
0.16557456358632894,0.439831010537125,0.39459442587654614,315.25156644492586,115.982153992345,1.0
0.42287689633935,0.09922993830549662,0.4778931653551534,603.4563783926328,109.63577231319898,1.0
0.48794908626782113,0.0019232761741911058,0.5101276375579878,557.4590893606614,187.659592392523,1.0
0.48643022935679225,0.4659999129271757,0.047569857716032,631.9557836723991,84.09278911294939,0.9999999999999999
0.4125150518534351,0.008539556488126179,0.5789453916584387,654.4893076375497,125.02110001372412,1.0
0.22497273625022043,0.4590406654080374,0.31598659834174225,677.1043445949517,112.66340931073711,1.0
0.13919791918629043,0.7133672510258808,0.14743482978782874,693.1791515784912,156.20099683654425,1.0
0.5300955114742901,0.30231887230940985,0.16758561621629997,570.4410836010298,55.52694171245072,0.9999999999999999
0.22182426534545652,0.46018097129776325,0.31799476335678034,496.40108836249897,198.35189837711883,1.0
0.2660066101611302,0.30697956459033343,0.4270138252485364,593.132197837756,196.06158421683566,1.0
0.3739382290245176,0.33995240771302576,0.2861093632624565,625.7070843149352,69.32320065016175,0.9999999999999999
0.5433900993112535,0.23061746147291914,0.2259924392158273,634.6934806542843,161.3219691825533,1.0
0.45128572366589864,0.4056342240477382,0.1430800522863632,682.8391627998518,136.22961973087146,1.0
0.3269804657044599,0.30490551366039176,0.3681140206351485,301.34342756264476,184.29628075827122,1.0000000000000002
0.39713671389333793,0.3095883660312626,0.29327492007539946,553.8215089582836,56.483270986543374,1.0
0.32663262829601736,0.6729616061492539,0.0004057655547287471,417.3940621101237,73.15196303542288,1.0
0.36471015493044695,0.3124219651408948,0.3228678799286582,320.7579392077416,129.51634403269344,1.0
0.11223627394845706,0.4099493859504731,0.47781434010106993,671.9963049609253,77.88843740020297,1.0
0.3035026382385786,0.40541207755927794,0.29108528420214347,617.8052320310221,86.94435639887925,1.0
0.8295119610502402,0.1620535205894946,0.008434518360265283,692.1706802300051,158.20078517997615,1.0
0.4034166220526704,0.10169308188754347,0.49489029605978613,402.98372656944053,94.95182350622453,1.0
0.7029039946805129,0.019758789627092873,0.27733721569239417,548.8276672372147,109.71092602633337,1.0
0.4563190781847681,0.20450962671312556,0.33917129510210636,382.49748206027556,74.78766081906532,1.0
0.18451884482196856,0.4338625604361116,0.3816185947419199,627.5484858557127,137.60535671110463,1.0
0.49323642067013507,0.1520559002460213,0.35470767908384354,408.4659045658767,172.0644802750464,1.0
0.22700657229475849,0.4536404947983094,0.31935293290693206,598.956962705272,176.33769972309955,1.0
0.23783690960174708,0.21251379882108315,0.5496492915771697,500.24789858433724,100.95098248995517,0.9999999999999999
0.2922334144023412,0.3155171826556824,0.3922494029419763,535.9679239921018,67.86148184084465,0.9999999999999999
0.13545069628787396,0.4517822367911342,0.4127670669209918,498.24922055759015,121.296757676581,1.0
0.47082287647206295,0.09201414744123908,0.437162976086698,496.95282431799455,154.40767486306737,1.0
0.42920637444034926,0.5032652352640917,0.06752839029555896,591.4926124528265,128.77129216359276,1.0
0.3995065380356366,0.37037405743389945,0.2301194045304638,563.2051656025706,123.21238774220842,0.9999999999999998
0.21827526090085583,0.4308184836777071,0.35090625542143716,596.0776086772751,196.68646557628722,1.0
0.43335490646435276,0.29119325864514256,0.2754518348905046,615.9521405301462,194.04958770070192,1.0
0.22150990277960964,0.49250906799343935,0.285981029226951,688.3460415091606,197.48083000955813,1.0
0.14781695359558922,0.4623723076546737,0.3898107387497372,630.9514766519351,115.04319095249815,1.0
0.32406632371985,0.2374924161581675,0.43844126012198253,500.90615756759905,91.18764683167956,1.0
0.5577063602636767,0.4051749535743118,0.03711868616201149,476.0452941189777,162.7619194229627,1.0
0.3329874060230107,0.34589779374656754,0.3211148002304218,694.4808627389436,81.80845885440598,1.0
0.42443635259979623,0.37714287367690824,0.19842077372329553,309.29092683422147,183.0915202911282,1.0
0.45314401590331516,0.5203832089877723,0.02647277510891252,348.9761041249021,82.26617813212394,1.0
0.021831576782831617,0.8121569034990942,0.16601151971807418,564.673981326946,69.1382540620961,1.0
0.06397013131103238,0.8126331144978881,0.12339675419107947,576.0510584546878,63.20684218102569,0.9999999999999999
0.5948391766020451,0.3594934689860226,0.04566735441193226,493.549337217038,98.24146272767229,0.9999999999999999
0.1650552934547249,0.4493913924947918,0.3855533140504832,698.6992083546407,188.83943982451714,0.9999999999999999
0.26117064158546016,0.1840553190584359,0.5547740393561039,498.44092551439536,58.595629767273024,1.0
0.15425402607563796,0.4103077687376381,0.4354382051867239,394.44344507854044,85.88650705328797,1.0
0.4085414600451549,0.3202502824579938,0.2712082574968513,432.54341270483724,197.70404243449318,1.0
0.3576777840645086,0.3651479583242427,0.2771742576112487,455.42247457638985,142.3493380875162,1.0
0.25565344915358856,0.3049384047535762,0.4394081460928353,372.40188183810767,56.14413512056709,1.0
0.4155708909662675,0.4833505147540607,0.10107859427967165,642.0109755098636,150.05661602577806,0.9999999999999999
0.37534045765587404,0.18590923610538612,0.4387503062387399,599.8176257822215,101.10871730593128,1.0
0.5343043665794815,0.23421539303245728,0.23148024038806123,371.28259570272746,174.9573316480301,1.0
0.39509415490272787,0.27110447180285135,0.3338013732944208,362.57459436194085,181.57154904094733,1.0
0.4873159234368697,0.2452996104913342,0.2673844660717961,587.7218610921313,140.70124112169015,1.0
0.4059995330044746,0.25406660193639563,0.3399338650591297,410.8599345859887,63.55636311164388,1.0
0.1713770295960192,0.3843133534044224,0.4443096169995584,381.42760388654983,190.4764388471657,1.0
0.19942931584594914,0.7215105170307445,0.07906016712330628,489.00218415984637,126.23159363393965,1.0
0.2862873621445774,0.4631641880509793,0.2505484498044433,361.47646152958225,171.7406999053236,1.0
0.2653030541887381,0.4141583099220297,0.3205386358892323,607.3915631818161,159.8875527338472,1.0000000000000002
0.04597386200474699,0.41127024035454324,0.5427558976407099,379.88205923721154,172.317971089362,1.0
0.981239707315644,0.008524045040689824,0.010236247643666143,689.0359774427807,148.67902051055694,1.0
0.09633403207854478,0.7522652152586595,0.1514007526627956,381.747941523025,83.76552781004881,0.9999999999999999
0.6618678314520668,0.10150600119301119,0.23662616735492215,345.45891553886577,189.05975463817143,1.0000000000000002
0.39626120190865843,0.36246251672258867,0.24127628136875284,598.1489225823107,119.21815870095625,1.0
0.48716169882815946,0.4072971124107025,0.10554118876113815,442.1045817269272,187.32920082121385,1.0
0.17907302436673417,0.4400856606160188,0.38084131501724716,488.2856012613273,113.33984831701798,1.0
0.37009004222788555,0.27686878624047334,0.35304117153164116,444.0731134027555,139.46256455365773,1.0
0.6216919897719196,0.1505110861939042,0.22779692403417606,357.2182394933737,169.25170563993962,0.9999999999999999
0.19701049643637245,0.4051091454145836,0.39788035814904404,690.5307095671737,57.46740286902132,1.0
0.4645086410985498,0.06173091814486356,0.4737604407565867,444.80414062910336,64.43812639508387,1.0
0.20957732423179082,0.6148025486275198,0.1756201271406893,454.18553191614353,67.21811018054218,0.9999999999999999
0.46175247169202477,0.22021590512781405,0.3180316231801612,590.9629602956372,107.24906000786818,1.0
0.49140582483878614,0.28450068421976143,0.22409349094145248,425.2776963131939,190.74976373239937,1.0
0.404925422412512,0.1288726700890512,0.46620190749843693,610.5504094387916,170.52058648681412,1.0
0.24958928267337233,0.7284563737484829,0.021954343578144728,352.1484208991752,121.02942308347531,1.0
0.2885076566895157,0.48679077633027695,0.22470156698020735,469.25603436008,153.67024532202728,1.0
0.19252677185665062,0.49771215062982643,0.30976107751352294,622.097345588621,93.84946226267579,1.0
0.44217635175121983,0.17926182639717905,0.378561821851601,384.0047377820381,90.18840670705194,0.9999999999999998
0.5485180573410886,0.01809371746909976,0.4333882251898115,546.32876639594,125.48142960387233,0.9999999999999998
0.46851150603168595,0.4253686080548241,0.10611988591348992,663.8436033380826,50.1769853639255,1.0
0.46210214374192166,0.40014458984461676,0.13775326641346156,693.8476784363877,115.10510384853923,1.0
0.5397476977675821,0.4525205536053253,0.007731748627092455,659.803299530396,95.98105542610915,0.9999999999999999
0.020237256790227233,0.6494791909837241,0.3302835522260486,462.2395500229428,70.64438741815925,1.0
0.2507169098591668,0.4158925826432597,0.33339050749757354,493.67391608688763,60.25918381841349,1.0
0.1641195688550998,0.4049777229146853,0.4309027082302149,475.09196952315506,65.31686048956888,1.0
0.6120249555257311,0.2596936015689754,0.1282814429052936,638.0806437578738,60.1894649566671,1.0000000000000002
0.3234796906349734,0.05217378784725717,0.6243465215177695,427.831252489209,91.42478132322016,1.0
0.09971379324405827,0.26425377763398766,0.6360324291219541,551.15957120908,187.73977293815523,1.0
0.6196437457461567,0.13934585756254111,0.24101039669130214,595.8973653931912,61.76574849364428,1.0
0.8688373318412419,0.11062803719340315,0.020534630965354937,426.4986574889986,101.44176271097824,1.0
0.17003664241792227,0.4238684383544472,0.4060949192276304,642.9697160991616,164.86464682972826,0.9999999999999999
0.1166741982349677,0.37575956023704143,0.5075662415279909,656.3338845205484,191.18146944873564,1.0
0.1321541813391963,0.07729742860565397,0.7905483900551498,393.0107814258385,102.29660844423648,1.0
0.116644806369013,0.24089760475398667,0.6424575888770003,616.031498971497,59.683449100329916,1.0
0.15925231248691632,0.154927157104643,0.6858205304084406,510.68942115765896,168.35782017870858,0.9999999999999999
0.4578028084045952,0.3395803684587529,0.20261682313665205,348.0995687643782,108.71478460684204,1.0000000000000002
0.2514411030325988,0.7196702203624681,0.028888676604933123,583.2931761308611,190.3096038927012,1.0
0.46796812099130014,0.04340769757069769,0.4886241814380021,318.67321538528535,161.95112137727432,1.0
0.1452444208915692,0.40581822607757007,0.4489373530308607,334.7491814104244,122.45131847653965,1.0
0.35139947303130775,0.3117143074176646,0.33688621955102754,307.9752857303712,128.18106912939055,1.0
0.03351075966909521,0.8590883807651011,0.10740085956580364,443.7939099070544,73.4400173503539,1.0
0.06197448775670614,0.38203571767786576,0.5559897945654282,566.7749657961451,179.36621901692757,1.0
0.3732052457304028,0.15151071131834778,0.47528404295124943,470.43318776481965,186.5869949359836,1.0
0.21897057150024535,0.42607584888730665,0.354953579612448,389.21909294312763,186.36514032766294,1.0
0.4242459624026089,0.19259031517983996,0.38316372241755114,337.7505981030246,178.2951309165644,1.0
0.20441927456305461,0.38568643018091475,0.4098942952560306,357.6776858498958,106.72343074805025,1.0
0.29215863649617485,0.3834092750676252,0.3244320884361999,312.72799888716395,160.36396681096957,1.0
0.16174639963366713,0.4534474189672379,0.384806181399095,667.0939663352389,180.5518236213228,1.0
0.5602135268435701,0.3858457895776143,0.05394068357881561,458.49425994373684,174.60845974167057,1.0
0.2183658367098694,0.437024177880359,0.34460998540977156,612.5231489416763,118.25970426426494,1.0
0.38269188148268946,0.37269428651037495,0.2446138320069356,388.67717476293035,175.32609432746503,1.0
0.342973644362455,0.3454309716579619,0.31159538397958314,434.5148722954754,101.87667659992249,1.0
0.27318951217279647,0.4267303571316225,0.30008013069558104,643.4488788380377,112.12706101318003,1.0
0.10927579270016083,0.43658951701925736,0.45413469028058184,505.9565715314189,78.3134413908037,1.0
0.5246644989606828,0.11039420933625517,0.36494129170306217,442.6451676243306,81.59757489308593,1.0000000000000002
0.29949564413615776,0.4701215287215529,0.23038282714228936,538.8727718943634,177.77398655490705,1.0
0.4437523479897686,0.2043272299039012,0.35192042210633023,484.6103503384123,51.55107502696253,1.0
0.4442462003699211,0.11441337370943074,0.4413404259206483,480.4006446196622,80.11408418318611,1.0000000000000002
0.3559477771523329,0.2885774083286675,0.3554748145189996,377.118402429178,55.17874545881068,1.0
0.10278027968723896,0.3561314214842003,0.5410882988285607,618.4626520126099,138.9519480258691,1.0
0.3204177608370164,0.20265848979634926,0.4769237493666344,447.05529245574235,153.43492516315825,1.0
0.20053006288391526,0.3743029097339454,0.4251670273821393,428.18460593496144,86.07996006716004,1.0
0.4803882791700365,0.3542241868125935,0.16538753401736994,422.4471389721882,52.34979050010675,0.9999999999999999
0.8713103246291511,0.08193226000188832,0.046757415368960595,370.07019312282875,60.872107084308084,1.0
0.2071893929104172,0.6704745098126349,0.12233609727694787,464.19512548182973,68.34508094257963,1.0
0.17216252270450724,0.20279490879616102,0.6250425684993317,341.3996535306145,124.92113860035207,1.0
0.45974559179753416,0.13767590795788986,0.40257850024457603,653.1785814149102,102.60829183692059,1.0
0.021781321168224156,0.4562288670339026,0.5219898117978733,374.77716661684605,104.65014888360153,1.0
0.295724921349146,0.5573744596199807,0.14690061903087342,668.0119626426233,105.52816795677046,1.0000000000000002
0.6149689296739872,0.22733144324421206,0.15769962708180071,311.5621737270361,173.7317667876314,1.0
0.3828408079299179,0.5433692717574189,0.07378992031266324,400.20066067414757,57.09993502205649,1.0
0.1020414956418126,0.44845689996908933,0.44950160438909803,586.519583296863,62.166115298425865,1.0
0.44728563521082704,0.3513007084861423,0.20141365630303068,699.9830751908614,193.905091562799,1.0
0.20011463244440952,0.30688236857833234,0.49300299897725813,537.548042576632,161.2835195032407,1.0
0.13232456736654172,0.708690817831724,0.15898461480173426,641.4756823045941,177.01803009944138,1.0
0.03314392247788332,0.38202543976717934,0.5848306377549374,557.7577981998302,132.23208425457403,1.0
0.07735135400087627,0.5035254491660132,0.41912319683311067,508.36040510975994,78.75498812652553,1.0
0.3738891030280988,0.19500414137426195,0.4311067555976393,397.92045855313603,77.31405548602625,1.0
0.21485783576097275,0.3865733893322386,0.39856877490678866,351.7122669650667,111.13267523219758,1.0
0.17941973968997926,0.21197696672190103,0.6086032935881197,513.5852497576998,153.96824644603822,1.0
0.050221753781401805,0.8647762010782045,0.08500204514039365,319.3515842274722,191.38648825372417,1.0
0.062410656976240236,0.4537179717709447,0.48387137125281515,356.60354716895245,183.48723445470597,1.0
0.022031803015719942,0.6855318259491792,0.2924363710351008,664.6586664149384,147.25267533719494,0.9999999999999999
0.3459566242224969,0.1884860540076032,0.4655573217698999,634.3857112326598,55.722511258187915,1.0
0.3875651199913605,0.5764929435606356,0.03594193644800393,370.4238387419441,96.82822933435466,1.0000000000000002
0.6132943540603808,0.2380603909438772,0.14864525499574205,429.720168641756,167.11585152325728,1.0
0.41292087998617266,0.20824998888809715,0.37882913112573013,376.6771361767311,195.27806899203017,1.0
0.5064098991624788,0.31401179586565603,0.17957830497186522,526.8220250579484,95.74705089018289,1.0
0.1618693712664487,0.7501010701705064,0.088029558563045,447.7048091573597,190.0475577841301,1.0000000000000002
0.48324534191555074,0.4198405415109462,0.09691411657350307,441.01268292339125,141.73542687554624,1.0
0.02358732453706206,0.29918272440880717,0.6772299510541306,595.0066403216151,166.5144018164191,0.9999999999999999
0.6798725765752663,0.11859430188659593,0.20153312153813774,375.21014990403427,175.6548205138271,1.0
0.4882569816184963,0.09078201579010053,0.4209610025914031,404.7430044181067,159.65740831463495,0.9999999999999999
0.423017167721865,0.3649072500012188,0.2120755822769162,436.92344047948245,146.74397842632155,1.0
0.39151295367915656,0.37503328438994177,0.23345376193090175,449.8793643282258,74.56523034040423,1.0000000000000002
0.32963945582384624,0.33153987542723334,0.3388206687489204,401.4778478929269,195.59373981946703,1.0
0.1050993928926101,0.13977647433062562,0.7551241327767643,421.2471380563062,186.07569386840171,1.0
0.23417298582560994,0.35180631276654634,0.4140207014078437,529.9084911147719,56.787884599135296,1.0
0.3108579872278359,0.2618710919005117,0.4272709208716525,561.4013646016917,72.06303580310178,1.0000000000000002
0.395646921694481,0.0925295935552779,0.5118234847502412,509.17564705631753,180.32194532226734,1.0
0.4806852026795549,0.22057563430238117,0.29873916301806397,686.8629758978534,178.9699137804514,1.0
0.37835050315060825,0.5680044855422083,0.05364501130718344,383.51890178975094,192.5708467798135,1.0
0.293520833645465,0.2179585093473832,0.48852065700715175,567.2566698941831,192.80569855659385,0.9999999999999999
0.9254225441007681,0.039990829797426894,0.03458662610180501,435.8826054134339,157.8991142508718,0.9999999999999999
0.5014794824049279,0.38155270417841985,0.11696781341665231,678.5258763026254,103.30282962118422,1.0
0.4602507407714149,0.3350094720125016,0.2047397872160834,346.2952629502828,66.78448355250008,1.0
0.6482490018938456,0.12270759848583027,0.22904339962032408,481.527438587128,196.87290346383483,0.9999999999999999
0.3721856633253289,0.40380069816055597,0.22401363851411502,648.59293149021,145.5486364280888,0.9999999999999999
0.48219673215259357,0.14356152502424102,0.37424174282316536,391.31561970926566,144.6830331593382,0.9999999999999999
0.19654288433106798,0.4029253201163264,0.40053179555260565,487.7588794906238,132.79067911997905,1.0
0.09877409356151466,0.5223428254948641,0.3788830809436211,485.4549428329873,88.19755617427823,0.9999999999999999
0.22619694463579443,0.4484454251991502,0.32535763016505537,613.8265985998692,147.96004722105852,1.0
0.6892829177258848,0.07369264798654808,0.23702443428756712,511.8289353429776,176.0299726165569,1.0
0.23558636436541996,0.23056947637499658,0.5338441592595834,539.9008495564473,62.82846006688528,1.0
0.07671408763675051,0.6121666186310432,0.31111929373220626,624.8504741694952,152.41804036987762,0.9999999999999999
0.4972432475778,0.20415362905556822,0.29860312336663175,365.3267693902387,64.35114303462719,1.0
0.4681287289503425,0.46072923707281943,0.07114203397683816,431.5095124648047,146.29576257995694,1.0
0.21424151143807038,0.6671399802897335,0.118618508272196,540.7134004468201,124.62792531551611,0.9999999999999999
0.25226490791250894,0.5917908248666149,0.15594426722087612,335.8456466108052,177.38641372176966,1.0
0.19227140110121915,0.43014193038713416,0.37758666851164674,676.728214977807,181.09243851586214,1.0
0.084590478048709,0.07299056621821967,0.8424189557330714,680.8571790599541,135.34873419333866,1.0
0.4802663494666692,0.049476310396083224,0.4702573401372476,551.3881946496539,128.94671829272528,1.0
0.16908223060057528,0.3710831694617645,0.4598345999376603,346.5548810169633,148.9074621132507,1.0
0.487082621882689,0.09493144961131146,0.4179859285059994,507.3839274254729,185.8720187284027,1.0
0.18401223208154568,0.41910044588046436,0.3968873220379901,368.9606216626728,89.71927692407257,1.0000000000000002
0.5111752911434674,0.08912838965928929,0.3996963191972433,613.2686579827259,143.88726261415155,1.0
0.27754325676491,0.5486790415400971,0.173777701694993,340.45991789440615,149.6361764799537,1.0
0.4795151409569178,0.27013509692934756,0.25034976211373466,366.1377538234448,164.44924638519944,1.0
0.06558049568619642,0.4853564903357722,0.44906301397803133,490.2785586135369,68.79442101709311,1.0
0.1911621917428262,0.3970943685835611,0.4117434396736127,527.7946225907718,53.009068526350696,1.0
0.3195988828439915,0.3323170414934845,0.3480840756625241,367.8863168593187,149.44206197280948,1.0
0.05153782504221972,0.4501849391392242,0.49827723581855604,439.7892405485145,59.32112030839785,1.0
0.4584625753508441,0.2927144875880787,0.24882293706107705,385.552921170134,103.82064319003814,0.9999999999999999
0.32364864440198604,0.43858172845024934,0.23776962714776476,339.793154257481,117.00112266453893,1.0000000000000002
0.25783719990275533,0.45521951773057967,0.286943282366665,682.2512204640993,121.90302023469047,1.0
0.25183764268461056,0.009263217760670746,0.7388991395547186,329.4749669424312,172.96875455185915,1.0
0.1935758841051708,0.41565747611313403,0.3907666397816952,416.4140991962967,165.2232927084362,1.0
0.22073762425964089,0.5710165209704364,0.2082458547699227,411.2420055639642,134.5055847657604,1.0
0.16928772239583192,0.5337492063170861,0.29696307128708177,651.8479638272324,90.83048738481818,0.9999999999999998
0.11104810334514723,0.7172169322804938,0.17173496437435895,543.1689989347773,199.20388085822694,1.0
0.031014061306459766,0.3281436175010838,0.6408423211924564,344.0401188960673,125.67544565993207,1.0
0.41975779599000573,0.5212942591233873,0.05894794488660678,398.90532466863493,133.23884820550194,0.9999999999999999
0.6189845284547314,0.08361221287129086,0.2974032586739777,519.7963605482981,140.18422361256103,1.0
0.28357376692436026,0.4303202252750576,0.28610600780058215,582.8894769323375,79.59638498204916,1.0
0.293202494843026,0.35315715343934156,0.3536403517176324,355.5299844059553,73.71013921238955,1.0
0.27026317322942073,0.4517502216661144,0.2779866051044649,387.15302505467986,189.67127033855922,1.0
0.1511232199705327,0.4395595090485831,0.40931727098088416,502.3257716366986,123.03139724758614,1.0
0.01850119423966428,0.12770363216154645,0.8537951735987893,403.42125490529816,158.63919145193645,1.0
0.7317577537043974,0.11247557955335563,0.15576666674224704,653.7260359988379,52.4392838641169,1.0
0.49418898374604897,0.2893586277798088,0.21645238847414222,675.3117232873745,50.40548069443899,1.0
0.2813660065972068,0.6174631902510226,0.10117080315177064,490.63697784436783,153.13869213643653,1.0
0.23570409991393715,0.4722796739472526,0.2920162261388102,467.8401640554735,96.712306536971,1.0
0.06556696313379079,0.8615025556259462,0.07293048124026302,326.9538972116607,192.41026245675005,1.0
0.09181505395685124,0.6380419506829649,0.2701429953601839,406.3961141297782,134.6811514736417,1.0
0.2929317371449716,0.5426048973212662,0.16446336553376223,592.4111638003512,151.2691590732053,1.0
0.8468273022691766,0.046783718450180464,0.10638897928064288,397.12146569596734,50.63056397584967,0.9999999999999999
0.39793074476648294,0.32435145247598096,0.27771780275753616,594.2554350433866,71.79436385782233,1.0
0.48374717738856604,0.3453630817296558,0.17088974088177816,460.4029690057366,120.22422632533484,1.0
0.33669728553738465,0.27705340191897787,0.38624931254363737,529.5357781436768,142.92118112107556,0.9999999999999999
0.3485970323886013,0.34841288519291463,0.302990082418484,310.7410874649634,82.55060051276206,0.9999999999999999
0.0621680785859495,0.4696156348058799,0.4682162866081706,659.089135558846,136.57148220624757,1.0
0.37149398022260016,0.29992938747465847,0.32857663230274137,637.1458035207249,115.67925801649783,1.0
0.0037182121789383865,0.42170445228231085,0.5745773355387508,646.9695520250223,131.68287641294245,1.0
0.29837147080744586,0.40402218446841637,0.2976063447241379,661.5288570055598,133.99287304806285,1.0000000000000002
0.20520584655010438,0.36450476143158433,0.43028939201831135,517.9613813457134,100.57212673904598,1.0
0.3313949905198777,0.3737037391243309,0.29490127035579133,632.8087264484,64.95496113297523,1.0
0.37889567623790693,0.2904388880185195,0.33066543574357365,359.29093214085356,57.600435810318764,1.0
0.31249330859056923,0.29024538388349364,0.3972613075259372,546.9067351492008,85.24356703695261,1.0
0.1633176459378192,0.3094962549250634,0.5271860991371174,466.9993176866759,161.79048582593455,1.0
0.06612433254901795,0.4373016492724298,0.4965740181785522,662.2929708595249,129.2918421997373,0.9999999999999999
0.49464815941238827,0.2950588687963973,0.21029297179121445,652.7931061942929,58.985824898343054,1.0
0.05778133080212436,0.4701620583383431,0.4720566108595325,672.2015432327361,138.47844135024772,1.0
0.46325236639164824,0.496121739681123,0.040625893927228846,534.3912522231115,172.52144319436238,1.0
0.5127350607256979,0.034784560748476016,0.4524803785258261,342.3008592857972,150.33342331402997,1.0
0.1481709626920308,0.6027835071279221,0.24904553018004708,404.8859668041639,198.8582681904973,0.9999999999999999
0.08073114069816073,0.11570798990674735,0.8035608693950919,562.1361716963588,118.720416689231,1.0
0.5859641035911678,0.117086360979346,0.2969495354294861,543.5700499413168,194.45386537402507,0.9999999999999999
0.8061506660152028,0.17436402077419477,0.019485313210602498,429.5461005558936,92.32056142120734,1.0
0.4831183726801532,0.41152533249958967,0.10535629482025705,611.9224523665686,143.32991657011536,1.0
0.45799882384640617,0.02604317880385845,0.5159579973497355,450.6946971662629,173.97279517017802,1.0
0.35174502234941313,0.3393273631766059,0.308927614473981,362.1420293451346,181.79081790145102,1.0
0.0774298324928377,0.42196215476590593,0.5006080127412563,499.65029756624017,194.97316375707706,1.0
0.22769485267440698,0.5163015636100242,0.25600358371556886,585.1684497930685,192.0555873808215,1.0
0.4651852203170032,0.20517907264501978,0.329635707037977,469.93361739034754,191.72444259460852,1.0
0.288787559021372,0.4245135694621437,0.2866988715164844,523.3678054756884,155.1125718095946,1.0
0.4580100735730632,0.4210745970412392,0.12091532938569755,657.3814747674196,168.64178006580255,1.0
0.3093154175904927,0.20699990981129365,0.4836846725982137,696.3261800396444,105.13347860370887,1.0
0.5369137135002103,0.3036022749688773,0.1594840115309123,506.72690991219866,167.79842256703677,0.9999999999999999
0.3017939499600915,0.34855402357521675,0.34965202646469185,438.78419707224333,156.0895302841255,1.0
0.09686442397135674,0.41982693100207086,0.48330864502657245,589.3012931653931,176.61675690587714,1.0
0.7538027687768579,0.013690380585476806,0.23250685063766532,574.9293555803176,178.45528080933468,1.0
0.6083163584694492,0.250430783201278,0.14125285832927262,354.311343384241,186.91740207421196,0.9999999999999998
0.7626170906771393,0.06746759067676793,0.16991531864609272,350.4613578477937,105.83490011552826,1.0
0.5692947473892466,0.3776386228573775,0.05306662975337592,516.1444393955643,93.65041998848235,1.0
