Ni_fraction,Co_fraction,Fe_fraction,Calcination_temp_C,Surface_area_m2g,Metal_sum,Predicted_Overpotential,Uncertainty
0.3686764973699444,0.2475493973783967,0.3837741052516589,589.8421055767526,119.57174679563371,1.0,207.7,12.35354199915235
0.2128488970600847,0.6985951962629453,0.08855590667697,697.4975090938597,189.3648842186313,1.0,207.7,12.35354199915235
0.5948005548043911,0.1649825521756866,0.2402168930199222,639.3417907093833,113.7669757403518,1.0,207.7,12.35354199915235
0.1815267497935229,0.5212894816164233,0.2971837685900537,338.53789506240594,126.91050068026335,1.0,207.7,12.35354199915235
0.0466537655238924,0.391572083185894,0.5617741512902135,309.6855031029422,84.26648495087787,1.0,207.7,12.35354199915235
0.2110616180266108,0.0921515847763747,0.6967867971970144,363.87656840634594,81.29508531402726,1.0,207.7,12.35354199915235
0.3940047787865736,0.2722641876079064,0.3337310336055199,457.3036322351721,91.85913325661728,1.0,207.7,12.35354199915235
0.3311649108732153,0.4435919169364385,0.2252431721903461,459.8184725207593,87.89905580159524,1.0,207.7,12.35354199915235
0.4573373733970766,0.2857399626005594,0.2569226640023639,524.5501066868944,72.85032205958144,1.0,207.7,12.35354199915235
0.561084245079663,0.1960796969515727,0.2428360579687644,333.85400359682,112.05807425491722,1.0,207.7,12.35354199915235
0.2827692084748069,0.2831504831666231,0.43408030835857,332.2681193147264,133.4884503864121,1.0,207.7,12.35354199915235
0.3760488167781904,0.2609159843938036,0.363035198828006,402.28816240149786,102.1656409779392,1.0,207.7,12.35354199915235
0.1344622367753303,0.2619036564741426,0.603634106750527,457.7880009140672,183.60958450399983,1.0,207.7,12.35354199915235
0.1518871469269602,0.4545377692385102,0.3935750838345295,326.37534573234564,75.66898478323029,1.0,207.7,12.35354199915235
0.4948155037625284,0.1395797069662145,0.365604789271257,574.2128484113077,90.48250917749328,1.0,207.7,12.35354199915235
0.4678812969058932,0.1763506093511104,0.3557680937429962,556.354374278127,124.16483053726807,1.0,207.7,12.35354199915235
0.5099321863068491,0.4208749616908893,0.0691928520022614,678.2664216640738,169.99318637805985,1.0,207.7,12.35354199915235
0.2394435608457244,0.4778952831632551,0.2826611559910206,420.6709825767731,116.449686567469,1.0,207.7,12.35354199915235
0.5017533401394175,0.0742386451847453,0.424008014675837,463.6951830191228,198.10954637325565,0.9999999999999998,207.7,12.35354199915235
0.6177716635550379,0.2219922456384481,0.160236090806514,434.3055952783036,157.11143070063514,1.0,207.7,12.35354199915235
0.1396708597963246,0.4738341518777992,0.3864949883258761,448.02465889812186,66.26637472881026,1.0,207.7,12.35354199915235
0.4281889780086832,0.3561453523088946,0.2156656696824219,412.7228872302772,135.82921928103684,0.9999999999999998,207.7,12.35354199915235
0.0127442899832912,0.5121362046889303,0.4751195053277785,302.73662434484646,130.34696816511823,1.0,207.7,12.35354199915235
0.2714355810753302,0.1471277474368366,0.5814366714878332,575.65432556818,188.11180734778927,1.0,207.7,12.35354199915235
0.4497392792442838,0.4518333464467658,0.0984273743089504,608.4673540782635,142.68751574784142,1.0,207.7,12.35354199915235
0.0053246399527936,0.8383539670170929,0.1563213930301134,544.7172776258219,54.62370662834669,1.0,207.7,12.35354199915235
0.3001451670808173,0.3924868618554343,0.3073679710637483,452.5225041563722,94.2227253525556,1.0,207.7,12.35354199915235
0.468474390044989,0.0363472718819361,0.4951783380730748,655.3738118181998,103.07518100002326,1.0,207.7,12.35354199915235
0.3502045004998855,0.222149724813973,0.4276457746861415,515.5426175580991,86.75795317968291,1.0,207.7,12.35354199915235
0.2767269299973909,0.4593905507080896,0.2638825192945194,686.048870831756,104.2935163760359,1.0,207.7,12.35354199915235
0.5137650704779464,0.0817481845573499,0.4044867449647037,662.7567710851688,197.26742727765935,1.0,207.7,12.35354199915235
0.2499074140253981,0.1154832305110978,0.634609355463504,537.8184043085705,70.7694057524247,1.0,207.7,12.35354199915235
0.1995537136606533,0.1495172926745391,0.6509289936648075,386.3700699550591,135.03354425918255,1.0,207.7,12.35354199915235
0.3687368135390859,0.3309679467722657,0.3002952396886483,687.7462888857418,137.31413018147907,1.0,207.7,12.35354199915235
0.1526349955004039,0.5964202551939444,0.2509447493056517,425.6511651439608,166.0506176547254,1.0,207.7,12.35354199915235
0.2345529088726407,0.7324375350887318,0.0330095560386274,468.0866581869961,116.07541759416291,1.0,207.7,12.35354199915235
0.038802930578205,0.6708991460560189,0.2902979233657761,525.3472567585354,182.3683962703667,1.0,207.7,12.35354199915235
0.3771690219245571,0.2086801782989618,0.4141507997764809,454.6025683109208,157.02126184522314,1.0,207.7,12.35354199915235
0.4798108922063356,0.1360593815825463,0.384129726211118,571.3351098623001,72.45401470501265,1.0,207.7,12.35354199915235
0.3677635794694113,0.3323129264385137,0.2999234940920748,482.2428522674284,121.60690289812996,1.0,207.7,12.35354199915235
0.2056132672148843,0.1954629568911249,0.5989237758939908,646.284881997959,100.09581911368754,1.0,207.7,12.35354199915235
0.0092618670452487,0.4360968358400474,0.5546412971147039,671.1025339962971,149.1481010205138,1.0,207.7,12.35354199915235
0.214102314636122,0.2276588999846893,0.5582387853791887,504.1567003790542,181.18537786111528,1.0,207.7,12.35354199915235
0.3511241328104214,0.0862151928421152,0.5626606743474633,421.6579499591948,123.98072654185252,1.0,207.7,12.35354199915235
0.3787943178558927,0.2722075610873913,0.3489981210567159,331.2355013943624,139.9140661319354,1.0,207.7,12.35354199915235
0.3587833287888237,0.3011991550107133,0.3400175162004629,413.0928199106551,98.86823077887476,1.0,207.7,12.35354199915235
0.4420825090248979,0.2662711991146713,0.2916462918604307,554.7231659574124,83.02009303351994,1.0,207.7,12.35354199915235
0.6337393844574816,0.0763805865917646,0.2898800289507538,336.7857305728184,155.56725680097028,1.0,207.7,12.35354199915235
0.4369021973006146,0.0432079901634999,0.5198898125358855,353.1753843275208,137.11819525379002,1.0,207.7,12.35354199915235
0.4493399441031044,0.1756045944818555,0.37505546141504,577.3006527652742,108.07223537408794,1.0,207.7,12.35354199915235
0.2541418193869991,0.4302055843365933,0.3156525962764076,387.8017283496389,118.02900129110073,1.0,207.7,12.35354199915235
0.5495607690152128,0.1619380285049856,0.2885012024798015,491.9467529144358,107.42166990087308,1.0,207.7,12.35354199915235
0.5609555497039583,0.3613702234957179,0.0776742268003236,424.6849024536231,131.02370885825377,1.0,207.7,12.35354199915235
0.2623189521524089,0.3496990241757474,0.3879820236718435,302.3076079490677,122.29365559509908,1.0,207.7,12.35354199915235
0.12063590258216,0.3985891179378726,0.4807749794799671,517.1270849471113,108.29578564196017,1.0,207.7,12.35354199915235
0.2504218886754107,0.2443317787021975,0.5052463326223917,569.6999960462124,114.24466051195334,1.0,207.7,12.35354199915235
0.6645098466475843,0.2938726630446702,0.0416174903077454,415.8004899393342,151.52863020447717,1.0,207.7,12.35354199915235
0.4675829150101406,0.282712191285155,0.2497048937047042,483.5809976410259,96.46949842912888,1.0,207.7,12.35354199915235
0.2331429055025707,0.6098831379978418,0.1569739564995876,680.720709486736,138.54692751452066,1.0,207.7,12.35354199915235
0.1939384137390747,0.4723692968003857,0.3336922894605396,667.376417967383,168.90725501720135,1.0,207.7,12.35354199915235
0.2896801590275698,0.4215760140484766,0.2887438269239537,502.7886217038477,110.64272835676324,1.0,207.7,12.35354199915235
0.3151080961285335,0.5701104905696834,0.1147814133017829,635.7868293459994,151.0580694767138,1.0,207.7,12.35354199915235
0.7063168388261429,0.0793779139777622,0.2143052471960947,541.3059905519079,162.9900822650521,1.0,207.7,12.35354199915235
0.3356128234268392,0.4610715868181126,0.2033155897550482,606.962498820343,79.7153426219854,1.0000000000000002,207.7,12.35354199915235
0.4450887470518256,0.048723816117045,0.5061874368311293,395.571652168136,141.2454318533679,1.0,207.7,12.35354199915235
0.4298634658145314,0.4001665104652738,0.1699700237201948,552.2936658965859,97.61355331574526,1.0,207.7,12.35354199915235
0.3613356834735494,0.3129100865767725,0.3257542299496782,560.1114247453393,134.26036914880953,1.0,207.7,12.35354199915235
0.2939319853750078,0.4006556621978298,0.3054123524271623,581.5324054249412,110.01921805318982,1.0,207.7,12.35354199915235
0.3358582036500508,0.6384720729265855,0.0256697234233636,343.5250543964269,67.46521276861114,1.0,207.7,12.35354199915235
0.1645406749169838,0.4085054309220618,0.4269538941609543,437.9279392837134,111.77148524073068,1.0,207.7,12.35354199915235
0.3193707194487445,0.3723107102175109,0.3083185703337445,531.5420555887729,108.96020445410562,1.0,207.7,12.35354199915235
0.0398380088362891,0.438187470436124,0.5219745207275869,321.20627742753965,80.72012196754322,1.0,207.7,12.35354199915235
0.1223927584552565,0.3496418198598988,0.5279654216848446,669.5298327904713,129.9026410144878,1.0,207.7,12.35354199915235
0.3951495208158449,0.4227156926475115,0.1821347865366436,303.7330897933374,148.13049003579152,1.0,207.7,12.35354199915235
0.4885326392307898,0.1405838079650384,0.3708835528041718,597.3484480158365,105.4527165054125,1.0,207.7,12.35354199915235
0.4811849926108796,0.3559878941339026,0.1628271132552176,461.2933441417781,179.68109428739675,1.0,207.7,12.35354199915235
0.2502187133996632,0.3897178357827246,0.3600634508176121,503.6165043487004,100.28709215795575,1.0,207.7,12.35354199915235
0.6622723668098217,0.0283184256234923,0.3094092075666858,569.5052171382263,144.84483989624275,1.0,207.7,12.35354199915235
0.1935093143904877,0.1798919025921238,0.6265987830173884,407.4511229079157,155.89630919423342,1.0,207.7,12.35354199915235
0.4531998758455143,0.4939609918169084,0.0528391323375773,650.8331615345612,179.16730576187962,1.0000000000000002,207.7,12.35354199915235
0.7483608695381392,0.0328886315271164,0.2187504989347443,374.3115292712031,61.10088960264873,1.0,207.7,12.35354199915235
0.0042692202424308,0.6808701709917503,0.3148606087658189,645.5148643745028,79.10026858085773,1.0,207.7,12.35354199915235
0.2770733219023631,0.2899604858031672,0.4329661922944696,300.0823732808827,104.59130014903866,1.0,207.7,12.35354199915235
0.3836185865965566,0.3245216416745169,0.2918597717289263,582.2414366182297,145.12680853186072,1.0,207.7,12.35354199915235
0.1556278735936425,0.4260535050081068,0.4183186213982507,602.3586736663885,98.41822244670568,1.0,207.7,12.35354199915235
0.0398086885696717,0.3354473575759888,0.6247439538543395,640.7542144478774,116.65971084390748,1.0,207.7,12.35354199915235
0.6808551344155224,0.1177048988970049,0.2014399666874725,477.7296158250757,58.38795461013588,0.9999999999999998,207.7,12.35354199915235
0.4435685792271645,0.3665860817764219,0.1898453389964134,465.00384949733694,80.41099644662708,0.9999999999999998,207.7,12.35354199915235
0.1763460783471304,0.3843027702264261,0.4393511514264433,453.4455668073049,79.01877237460465,1.0,207.7,12.35354199915235
0.4561979677633678,0.2226306632091125,0.3211713690275196,418.356399748007,165.6151073090217,1.0,207.7,12.35354199915235
0.4363415470328118,0.5541876243508285,0.0094708286163597,419.061497722862,76.67248369825273,1.0,207.7,12.35354199915235
0.1340091055486628,0.4232188239625071,0.4427720704888301,683.3727352413268,185.10907749736768,1.0,207.7,12.35354199915235
0.289229124087945,0.3845174559367432,0.3262534199753117,614.9589258939882,99.62659483525772,1.0,207.7,12.35354199915235
0.3283642841041772,0.3443100253024674,0.3273256905933553,423.881248808064,87.64749417846592,1.0,207.7,12.35354199915235
0.3089631935918611,0.222561947538746,0.4684748588693928,649.4927243121018,59.21657733626562,1.0,207.7,12.35354199915235
0.410711812292058,0.2822300342099826,0.3070581534979592,305.0922967060654,170.17645673102433,1.0,207.7,12.35354199915235
0.0664407825350601,0.4273394503463951,0.5062197671185448,466.1463672709462,145.98918204971682,1.0,207.7,12.35354199915235
0.2853041595706767,0.321496635718409,0.3931992047109143,414.7420336535023,85.53026842987043,1.0,207.7,12.35354199915235
0.5731613061108758,0.248466057762852,0.1783726361262723,684.5470286785408,53.36377033340421,1.0000000000000002,207.7,12.35354199915235
0.2782477265738574,0.6129131560877343,0.1088391173384082,328.5114741324398,114.04617822661795,1.0,207.7,12.35354199915235
0.4169070679361386,0.4918731307662184,0.0912198012976429,308.3970936598535,113.14391746557784,1.0,207.7,12.35354199915235
0.2535100190366686,0.4762993377545395,0.2701906432087919,475.60468668278605,168.16524298269945,1.0,207.7,12.35354199915235
0.4440351744500605,0.2914217466442075,0.264543078905732,526.1755108510931,60.69976098784954,1.0,207.7,12.35354199915235
0.0025596543434588,0.4254674868602806,0.5719728587962606,331.1882537251519,173.05184797264377,1.0,207.7,12.35354199915235
0.3438788307363725,0.2342932452185569,0.4218279240450705,399.519327673644,52.06409823324053,1.0,207.7,12.35354199915235
0.4138031103293094,0.4930772914997787,0.0931195981709118,321.78231608691635,71.50671154702377,1.0,207.7,12.35354199915235
0.0077621578890539,0.4836268601841423,0.5086109819268038,449.0872890923311,147.1967817065073,1.0,207.7,12.35354199915235
0.3906827750562459,0.2249563118568389,0.3843609130869151,433.4672745056988,54.849108712834926,1.0,207.7,12.35354199915235
0.0055581749215935,0.466237044134393,0.5282047809440135,389.607742668539,131.55752123342938,1.0,207.7,12.35354199915235
0.361418888892882,0.2610845361266455,0.3774965749804725,313.79573586176423,83.46986629180323,1.0,207.7,12.35354199915235
0.5090723023584385,0.1794010926813994,0.311526604960162,588.074317102275,93.18660527330772,1.0,207.7,12.35354199915235
0.2088500696257327,0.2362241958409196,0.5549257345333477,392.33084386158816,84.65201300724479,1.0,207.7,12.35354199915235
0.1214067163824059,0.2246220464525628,0.6539712371650311,532.2899290396173,86.40525528495971,0.9999999999999998,207.7,12.35354199915235
0.1079063963667812,0.5812309542229974,0.3108626494102212,647.706713292054,163.8381417694215,1.0,207.7,12.35354199915235
0.5203549245520012,0.000191922136133,0.4794531533118658,472.9850979284325,193.44439534493563,1.0,207.7,12.35354199915235
0.1759692118833457,0.6463526934578189,0.1776780946588353,396.119780560933,112.89782276132254,1.0,207.7,12.35354199915235
0.3400608540550364,0.0715848616575479,0.5883542842874158,313.2811579946388,68.02479869823449,1.0,207.7,12.35354199915235
0.5507261800023124,0.4143281939220515,0.0349456260756362,380.64671759226985,111.49255306046044,1.0000000000000002,207.7,12.35354199915235
0.4310393577808769,0.4413503682450629,0.1276102739740602,473.9212182467538,198.7978056631121,1.0000000000000002,207.7,12.35354199915235
0.7611852885804752,0.2272342152784252,0.0115804961410996,559.214555241966,193.2138926871026,1.0,207.7,12.35354199915235
0.4902219936332461,0.0134363106159504,0.4963416957508034,322.62344324262534,62.31103663293519,1.0,207.7,12.35354199915235
0.3809334326851576,0.2123381466354323,0.4067284206794102,657.814069197605,196.26797339014175,1.0,207.7,12.35354199915235
0.2529550068679233,0.6074976819544483,0.1395473111776284,430.4123375348547,163.31353152635364,1.0,207.7,12.35354199915235
0.334342724773773,0.5405049019458753,0.1251523732803516,330.3009041801086,185.58771591191427,1.0,207.7,12.35354199915235
0.1698128205050516,0.4309218281148404,0.3992653513801079,545.228021235045,123.50662490627784,1.0,207.7,12.35354199915235
0.431011646894253,0.0175457424641771,0.5514426106415697,665.1556306318898,71.05938206390428,1.0,207.7,12.35354199915235
0.2162670072191655,0.3604923746869145,0.4232406180939198,471.7018381269546,77.28539045830584,0.9999999999999998,207.7,12.35354199915235
0.5504921525817629,0.0247900297236957,0.4247178176945415,584.1810234537986,141.84036303558332,1.0,207.7,12.35354199915235
0.2473959344727328,0.353822916159633,0.3987811493676341,620.612371879647,84.91343066798743,1.0,207.7,12.35354199915235
0.3274629664967066,0.2733377224544324,0.3991993110488609,477.0581700805085,128.5911178132614,1.0,207.7,12.35354199915235
0.2406453143448767,0.2539095873512869,0.5054450983038364,639.0098733093115,127.14416566111042,1.0,207.7,12.35354199915235
0.4681501653382341,0.3325409828706245,0.1993088517911412,649.9277437992935,146.48091797967567,1.0,207.7,12.35354199915235
0.2856836389050846,0.4627492221717322,0.2515671389231833,685.5321507270114,66.9974219184363,1.0000000000000002,207.7,12.35354199915235
0.4249829266083894,0.3131769948227835,0.2618400785688272,419.7629103543911,127.5776174146606,1.0,207.7,12.35354199915235
0.3556838397257074,0.2328781136507954,0.4114380466234971,478.6392951919034,70.22143614787599,1.0,207.7,12.35354199915235
0.4313936503577867,0.335443292361968,0.2331630572802451,409.4925064693496,117.39038646104026,1.0,207.7,12.35354199915235
0.5505759935476425,0.3895654389366687,0.0598585675156886,324.43737606679986,156.60963792051444,1.0,207.7,12.35354199915235
0.1616574310470526,0.564410058096379,0.2739325108565683,472.19842950274005,132.0377430089165,1.0,207.7,12.35354199915235
0.94681801189617,0.0484577336335304,0.0047242544702997,548.5397258155866,183.82728055567316,1.0,207.7,12.35354199915235
0.437071785281008,0.4091602400395165,0.1537679746794753,609.8772486327924,119.81018501254556,1.0,207.7,12.35354199915235
0.2160871782828449,0.3602652381237753,0.4236475835933798,577.7005485077673,106.61502592002496,1.0,207.7,12.35354199915235
0.3533419558759126,0.2253405392878477,0.4213175048362397,601.2492909931326,143.15712280742397,1.0,207.7,12.35354199915235
0.2200972274698149,0.3482555969781303,0.4316471755520548,549.6779568246246,122.6637230491312,1.0,207.7,12.35354199915235
0.0592945173165037,0.3447799858536373,0.595925496829859,626.6776622987488,170.61339517154366,1.0,207.7,12.35354199915235
0.0323294500215642,0.4671881300410777,0.500482419937358,393.6321803821367,171.46909919476096,1.0,207.7,12.35354199915235
0.4840659030123087,0.0288796370957769,0.4870544598919143,553.2359057260705,132.94517365962287,1.0,207.7,12.35354199915235
0.4320761876806934,0.4965117972540868,0.0714120150652196,670.0923964976081,194.88184146475203,1.0,207.7,12.35354199915235
0.4717787335750846,0.035583185282667,0.4926380811422483,486.8846993782576,151.87501711007926,1.0,207.7,12.35354199915235
0.3970930774298227,0.1674084744574506,0.4354984481127267,691.9990135499904,165.04754979325614,1.0,207.7,12.35354199915235
0.4257469023759874,0.3747829123273445,0.1994701852966679,547.3755350899787,136.7476388881355,1.0,207.7,12.35354199915235
0.3507916672922946,0.3199550580426347,0.3292532746650707,628.4161092795591,62.995022492702354,1.0,207.7,12.35354199915235
0.4113092636447036,0.1656032710162081,0.4230874653390882,360.76114456812246,78.06176911842813,1.0,207.7,12.35354199915235
0.5824803667082394,0.3529312860675077,0.0645883472242527,619.8894357026892,75.22435304194079,1.0,207.7,12.35354199915235
0.2608784303186379,0.312828592398608,0.426292977282754,323.91149642595025,130.81395521401151,1.0,207.7,12.35354199915235
0.200051523395083,0.3518984185888884,0.4480500580160285,451.32045173352816,199.99857758212644,1.0,207.7,12.35354199915235
0.1856641730842605,0.6050427488660622,0.2092930780496772,436.18165008949177,184.7433525374628,1.0,207.7,12.35354199915235
0.0508047710826527,0.5242401124001063,0.424955116517241,573.1172604365333,74.0046051399147,1.0,207.7,12.35354199915235
0.3494824359084211,0.2025089051729859,0.448008658918593,518.5606291822069,126.61977982434122,1.0,207.7,12.35354199915235
0.0304912816136987,0.1738427812179556,0.7956659371683455,456.7375132855357,152.2910495689701,1.0,207.7,12.35354199915235
0.3874738854718559,0.2156294775445745,0.3968966369835695,364.2198533433193,74.98757262929493,1.0,207.7,12.35354199915235
0.5605761105406059,0.1709961339392409,0.2684277555201531,492.32493556157726,54.46219209747601,1.0,207.7,12.35354199915235
0.609125204902693,0.2194459017006694,0.1714288933966376,679.5941658387344,170.9024676572214,1.0,207.7,12.35354199915235
0.1595069609479904,0.4110294966732262,0.4294635423787833,636.3322889326926,154.36192700734443,1.0,207.7,12.35354199915235
0.2982755320818486,0.242400723703639,0.4593237442145123,368.3025663761114,147.71804384254975,1.0,207.7,12.35354199915235
0.3791188228195694,0.1358583526457761,0.4850228245346545,629.8691031626718,162.24912644694723,1.0,207.7,12.35354199915235
0.5164482889494947,0.4357754294305465,0.0477762816199587,622.500889201677,76.32390064803144,1.0,207.7,12.35354199915235
0.2978759837338728,0.2211576285368725,0.4809663877292546,533.0579033891202,163.4822691095854,1.0,207.7,12.35354199915235
0.4732809824201517,0.3456262258120279,0.1810927917678202,512.4645820896793,141.0456250844343,1.0,207.7,12.35354199915235
0.3275381915619605,0.3709574985958752,0.3015043098421642,505.2736308557116,144.17177841107318,1.0,207.7,12.35354199915235
0.3631260838788046,0.5440492837523769,0.0928246323688184,521.4805006749054,87.21153511113769,1.0,207.7,12.35354199915235
0.6374955825439199,0.0107862713630425,0.3517181460930375,572.0699338046865,93.43635577774302,1.0,207.7,12.35354199915235
0.2376363371386705,0.3568508377456665,0.4055128251156628,514.8967578439701,140.44489415394514,1.0,207.7,12.35354199915235
0.2711410680728384,0.4356873804502024,0.2931715514769591,579.5440529450868,110.56861547095858,1.0,207.7,12.35354199915235
0.5323442008085585,0.2394878942495927,0.2281679049418487,306.3201100182714,70.03868078987557,1.0,207.7,12.35354199915235
0.0894947416806533,0.1402327675856783,0.7702724907336683,318.09828425571544,92.68420623989276,1.0,207.7,12.35354199915235
0.3973776092735687,0.2829460544982938,0.3196763362281375,327.5130070968814,94.5257031878756,1.0,207.7,12.35354199915235
0.1293457669446385,0.4108439841733351,0.4598102488820264,306.8258877946987,52.94097734577481,1.0,207.7,12.35354199915235
0.2809365610344437,0.2674195592922885,0.4516438796732676,379.0697027995564,53.6946313779819,0.9999999999999998,207.7,12.35354199915235
0.3462749285033741,0.2948304956288067,0.358894575867819,606.3208603959162,80.97394863109992,0.9999999999999998,207.7,12.35354199915235
0.7548680986881464,0.0669125555018431,0.1782193458100105,367.0513870921032,158.44339630959004,1.0,207.7,12.35354199915235
0.474305154884868,0.4073085519470747,0.1183862931680572,568.4148069277389,95.31220029570932,1.0,207.7,12.35354199915235
0.2307984378662161,0.4587622036297901,0.3104393585039937,558.9980509675604,188.5115678151276,1.0,207.7,12.35354199915235
0.1059400313479793,0.2521432693599378,0.6419166992920828,495.2123451133994,89.30528999506863,1.0,207.7,12.35354199915235
0.2481243274565472,0.38767668675624,0.3641989857872127,632.5564267788193,138.03413052378068,1.0,207.7,12.35354199915235
0.335240440234962,0.3078886516878385,0.3568709080771995,494.76610847815823,167.55040660298982,1.0,207.7,12.35354199915235
0.0496378569403724,0.3969351741880417,0.5534269688715858,585.932617711951,57.87946117174411,1.0,207.7,12.35354199915235
0.304084497457679,0.3877750593994935,0.3081404431428274,628.9919880226048,120.56829410369762,1.0,207.7,12.35354199915235
0.2127025038009287,0.6508568967315738,0.1364405994674976,689.6831023340611,88.96988130630506,1.0,207.7,12.35354199915235
0.3019564411813497,0.4387395522638251,0.2593040065548251,440.46914565495206,182.7650422100168,1.0,207.7,12.35354199915235
0.3166044168189281,0.2932138988561086,0.3901816843249632,316.9003398881155,65.19820335627904,1.0,207.7,12.35354199915235
0.463653180620206,0.3912825481660284,0.1450642712137655,316.6709967497185,157.41799429675774,1.0,207.7,12.35354199915235
0.8399636023556154,0.102656705086999,0.0573796925573854,565.2075136675905,95.14107630014524,1.0,207.7,12.35354199915235
0.370124756279898,0.3271037898288573,0.3027714538912446,666.2994689177051,135.5143250852463,1.0,207.7,12.35354199915235
0.3052956554848646,0.569387747750675,0.1253165967644603,509.956466758368,118.63768482399452,1.0,207.7,12.35354199915235
0.549345336463898,0.0841772320409327,0.3664774314951691,616.8665212738968,127.9035401025553,1.0,207.7,12.35354199915235
0.2588305590979332,0.3418350099090118,0.3993344309930549,314.7744911269231,97.9438283166154,1.0,207.7,12.35354199915235
0.3917894581363543,0.0378211369980798,0.5703894048655659,358.82499256238884,97.3541368633621,1.0,207.7,12.35354199915235
0.2781196540451751,0.4749112367111038,0.2469691092437211,609.3260770585515,175.76166289085126,1.0,207.7,12.35354199915235
0.057446258565592,0.1806483160567207,0.7619054253776872,531.0304363111355,182.02286500517204,1.0,207.7,12.35354199915235
0.3352237916788391,0.0879035514448576,0.5768726568763032,534.4053052012711,159.11573108421072,1.0,207.7,12.35354199915235
0.3216325146177639,0.4503122902692915,0.2280551951129447,528.6781386318739,76.81031515609094,1.0000000000000002,207.7,12.35354199915235
0.4200616512207047,0.1959683857397798,0.3839699630395153,673.0190558972929,88.56167017095352,1.0,207.7,12.35354199915235
0.0427970474102803,0.1712725838863552,0.7859303687033644,520.0399511243004,54.09718590717351,1.0,207.7,12.35354199915235
0.289200674126745,0.4468766215204623,0.2639227043527928,414.36779700804806,51.36511019347319,1.0,207.7,12.35354199915235
0.2417747974130111,0.3287810315219552,0.4294441710650336,462.7748689507222,89.10200128435966,1.0,207.7,12.35354199915235
0.0908428975057691,0.4363576397432146,0.4727994627510163,644.2091914298508,139.27905793876425,1.0,207.7,12.35354199915235
0.146290515238511,0.1104483535092866,0.7432611312522024,406.4743309384724,90.67420970362164,1.0,207.7,12.35354199915235
0.7359414420838993,0.2494619942155191,0.0145965637005815,446.04795991341314,51.16225789450631,1.0,207.7,12.35354199915235
0.7805840015232397,0.1104840365297212,0.108931961947039,602.669672228632,199.6940700663972,1.0,207.7,12.35354199915235
0.1919039250970228,0.4005003295903354,0.4075957453126418,600.1114956788831,166.32599588683215,1.0,207.7,12.35354199915235
0.2411885448806469,0.6718040858956905,0.0870073692236624,479.8890764030133,184.61494377002023,0.9999999999999998,207.7,12.35354199915235
0.5267595714125038,0.0989814039562085,0.3742590246312876,347.56633677203945,154.78958266962698,1.0,207.7,12.35354199915235
0.5408157638170032,0.254179045463196,0.2050051907198007,604.2996174744688,109.3038526514966,1.0,207.7,12.35354199915235
0.4014991535316249,0.2097430388502167,0.3887578076181582,373.5814179341226,166.87998156615956,1.0,207.7,12.35354199915235
0.6119146165921957,0.0853842524456204,0.3027011309621837,409.6512500004514,75.84380468715584,1.0,207.7,12.35354199915235
0.3668694366952201,0.3022331777466762,0.3308973855581036,390.6942379999081,180.09976661991237,1.0,207.7,12.35354199915235
0.5210839239612056,0.1605437157622271,0.3183723602765672,482.5253416913904,177.80653867077064,1.0,207.7,12.35354199915235
0.2758924921337042,0.4082253409993188,0.3158821668669769,623.6155138952462,106.26306434164572,1.0,207.7,12.35354199915235
0.1805719165723555,0.3536612222805805,0.4657668611470639,578.9937532722381,120.02421158777118,1.0,207.7,12.35354199915235
0.2185045148326652,0.0987600031963121,0.6827354819710226,324.9115440645645,99.44969014409668,1.0,207.7,12.35354199915235
0.5021765549596305,0.1125313856467831,0.3852920593935863,513.7286609070126,144.45850127896517,1.0,207.7,12.35354199915235
0.2301364317610996,0.1107301783074458,0.6591333899314545,354.40111238799045,99.14222275303072,1.0,207.7,12.35354199915235
0.4413741107221495,0.1687791324969523,0.3898467567808981,565.6536793740694,174.2057536563401,1.0,207.7,12.35354199915235
0.2936082273862668,0.231974301798658,0.4744174708150751,536.5834942781833,169.4345452821481,1.0,207.7,12.35354199915235
0.3249257268969836,0.2849790239200185,0.3900952491829979,624.6589148959936,65.7729513815961,1.0,207.7,12.35354199915235
0.646158147407491,0.1400050250445484,0.2138368275479606,580.2778506121047,61.40238739834158,1.0,207.7,12.35354199915235
0.4693444527501623,0.1267267487052039,0.4039287985446338,695.417725360825,103.40700077653504,1.0,207.7,12.35354199915235
0.1714725959593701,0.4227630209606921,0.4057643830799378,555.9588646763544,63.89832067063297,1.0,207.7,12.35354199915235
0.4347022371473901,0.0968385104468296,0.4684592524057803,660.1430153707217,164.17500020058804,1.0,207.7,12.35354199915235
0.2640349752069593,0.3483972543737434,0.3875677704192972,605.2069940428869,114.53209069413911,1.0,207.7,12.35354199915235
0.3655767329067925,0.4485948382255788,0.1858284288676288,378.2771795823563,92.1398479960178,1.0,207.7,12.35354199915235
0.3709786668797722,0.3310356126415638,0.2979857204786639,522.8509466722446,72.56761283561234,1.0,207.7,12.35354199915235
0.1468002084423974,0.1013314802438661,0.7518683113137364,522.2655993211376,69.75594087955358,1.0,207.7,12.35354199915235
0.4821842226387781,0.3910656158047174,0.1267501615565044,620.9446400965649,173.57217317677265,1.0,207.7,12.35354199915235
0.2376913298543763,0.3600386200429934,0.4022700501026303,336.9981368684532,160.54874641868275,1.0,207.7,12.35354199915235
0.2179749620490804,0.3965436553712118,0.3854813825797077,563.024648626817,126.13748619756949,1.0,207.7,12.35354199915235
0.3736429495932993,0.518477967282967,0.1078790831237337,698.2589669079823,152.8473960465638,1.0000000000000002,207.7,12.35354199915235
0.3667985120660211,0.2861569986648838,0.347044489269095,350.2902309937675,159.3039380522919,1.0,207.7,12.35354199915235
0.0587528069865335,0.6008402149696069,0.3404069780438596,342.4195234833373,150.53814231236774,1.0,207.7,12.35354199915235
0.3135071101401998,0.3286378293729193,0.357855060486881,486.16873313468943,117.57958246076582,1.0,207.7,12.35354199915235
0.4980858745829842,0.4497572539505668,0.0521568714664489,674.6315737826059,66.19202667050081,1.0,207.7,12.35354199915235
0.3688914585252941,0.387670297020479,0.2434382444542268,542.1918522757255,107.77440317380557,1.0,207.7,12.35354199915235
0.4519999617264026,0.3233452951464874,0.2246547431271099,333.2917044153143,82.91879097155146,1.0,207.7,12.35354199915235
0.1652633083493203,0.7062676894263415,0.1284690022243379,673.8586780939922,160.98017623672416,0.9999999999999998,207.7,12.35354199915235
0.3070738694005273,0.3530417790026326,0.33988435159684,304.28296738941714,130.6484118944189,1.0,207.7,12.35354199915235
0.1655745635863289,0.439831010537125,0.3945944258765461,315.25156644492586,115.982153992345,1.0,207.7,12.35354199915235
0.42287689633935,0.0992299383054966,0.4778931653551534,603.4563783926328,109.63577231319898,1.0,207.7,12.35354199915235
0.4879490862678211,0.0019232761741911,0.5101276375579878,557.4590893606614,187.659592392523,1.0,207.7,12.35354199915235
0.4864302293567922,0.4659999129271757,0.047569857716032,631.9557836723991,84.09278911294939,1.0,207.7,12.35354199915235
0.4125150518534351,0.0085395564881261,0.5789453916584387,654.4893076375497,125.02110001372412,1.0,207.7,12.35354199915235
0.2249727362502204,0.4590406654080374,0.3159865983417422,677.1043445949517,112.66340931073712,1.0,207.7,12.35354199915235
0.1391979191862904,0.7133672510258808,0.1474348297878287,693.1791515784912,156.20099683654425,1.0,207.7,12.35354199915235
0.5300955114742901,0.3023188723094098,0.1675856162162999,570.4410836010298,55.52694171245072,1.0,207.7,12.35354199915235
0.2218242653454565,0.4601809712977632,0.3179947633567803,496.40108836249897,198.35189837711883,1.0,207.7,12.35354199915235
0.2660066101611302,0.3069795645903334,0.4270138252485364,593.132197837756,196.06158421683568,1.0,207.7,12.35354199915235
0.3739382290245176,0.3399524077130257,0.2861093632624565,625.7070843149352,69.32320065016175,1.0,207.7,12.35354199915235
0.5433900993112535,0.2306174614729191,0.2259924392158273,634.6934806542843,161.3219691825533,1.0,207.7,12.35354199915235
0.4512857236658986,0.4056342240477382,0.1430800522863632,682.8391627998518,136.22961973087146,1.0,207.7,12.35354199915235
0.3269804657044599,0.3049055136603917,0.3681140206351485,301.3434275626448,184.2962807582712,1.0000000000000002,207.7,12.35354199915235
0.3971367138933379,0.3095883660312626,0.2932749200753994,553.8215089582836,56.483270986543374,1.0,207.7,12.35354199915235
0.3266326282960173,0.6729616061492539,0.0004057655547287,417.3940621101237,73.15196303542288,1.0,207.7,12.35354199915235
0.3647101549304469,0.3124219651408948,0.3228678799286582,320.7579392077416,129.51634403269344,1.0,207.7,12.35354199915235
0.112236273948457,0.4099493859504731,0.4778143401010699,671.9963049609253,77.88843740020297,1.0,207.7,12.35354199915235
0.3035026382385786,0.4054120775592779,0.2910852842021434,617.8052320310221,86.94435639887925,1.0,207.7,12.35354199915235
0.8295119610502402,0.1620535205894946,0.0084345183602652,692.1706802300051,158.20078517997615,1.0,207.7,12.35354199915235
0.4034166220526704,0.1016930818875434,0.4948902960597861,402.9837265694405,94.95182350622451,1.0,207.7,12.35354199915235
0.7029039946805129,0.0197587896270928,0.2773372156923941,548.8276672372147,109.71092602633335,1.0,207.7,12.35354199915235
0.4563190781847681,0.2045096267131255,0.3391712951021063,382.4974820602756,74.78766081906532,1.0,207.7,12.35354199915235
0.1845188448219685,0.4338625604361116,0.3816185947419199,627.5484858557127,137.60535671110463,1.0,207.7,12.35354199915235
0.493236420670135,0.1520559002460213,0.3547076790838435,408.4659045658767,172.0644802750464,1.0,207.7,12.35354199915235
0.2270065722947584,0.4536404947983094,0.319352932906932,598.956962705272,176.33769972309955,1.0,207.7,12.35354199915235
0.237836909601747,0.2125137988210831,0.5496492915771697,500.2478985843373,100.95098248995517,1.0,207.7,12.35354199915235
0.2922334144023412,0.3155171826556824,0.3922494029419763,535.9679239921018,67.86148184084465,1.0,207.7,12.35354199915235
0.1354506962878739,0.4517822367911342,0.4127670669209918,498.24922055759015,121.296757676581,1.0,207.7,12.35354199915235
0.4708228764720629,0.092014147441239,0.437162976086698,496.95282431799455,154.40767486306737,1.0,207.7,12.35354199915235
0.4292063744403492,0.5032652352640917,0.0675283902955589,591.4926124528265,128.77129216359276,1.0,207.7,12.35354199915235
0.3995065380356366,0.3703740574338994,0.2301194045304638,563.2051656025706,123.21238774220842,0.9999999999999998,207.7,12.35354199915235
0.2182752609008558,0.4308184836777071,0.3509062554214371,596.0776086772751,196.6864655762872,1.0,207.7,12.35354199915235
0.4333549064643527,0.2911932586451425,0.2754518348905046,615.9521405301462,194.04958770070192,1.0,207.7,12.35354199915235
0.2215099027796096,0.4925090679934393,0.285981029226951,688.3460415091606,197.48083000955813,1.0,207.7,12.35354199915235
0.1478169535955892,0.4623723076546737,0.3898107387497372,630.9514766519351,115.04319095249816,1.0,207.7,12.35354199915235
0.32406632371985,0.2374924161581675,0.4384412601219825,500.9061575675991,91.18764683167956,1.0,207.7,12.35354199915235
0.5577063602636767,0.4051749535743118,0.0371186861620114,476.0452941189777,162.7619194229627,1.0,207.7,12.35354199915235
0.3329874060230107,0.3458977937465675,0.3211148002304218,694.4808627389436,81.80845885440598,1.0,207.7,12.35354199915235
0.4244363525997962,0.3771428736769082,0.1984207737232955,309.29092683422147,183.0915202911282,1.0,207.7,12.35354199915235
0.4531440159033151,0.5203832089877723,0.0264727751089125,348.9761041249021,82.26617813212394,1.0,207.7,12.35354199915235
0.0218315767828316,0.8121569034990942,0.1660115197180741,564.673981326946,69.1382540620961,1.0,207.7,12.35354199915235
0.0639701313110323,0.8126331144978881,0.1233967541910794,576.0510584546878,63.20684218102569,1.0,207.7,12.35354199915235
0.5948391766020451,0.3594934689860226,0.0456673544119322,493.549337217038,98.24146272767229,1.0,207.7,12.35354199915235
0.1650552934547249,0.4493913924947918,0.3855533140504832,698.6992083546407,188.83943982451717,1.0,207.7,12.35354199915235
0.2611706415854601,0.1840553190584359,0.5547740393561039,498.44092551439536,58.595629767273024,1.0,207.7,12.35354199915235
0.1542540260756379,0.4103077687376381,0.4354382051867239,394.4434450785405,85.88650705328797,1.0,207.7,12.35354199915235
0.4085414600451549,0.3202502824579938,0.2712082574968513,432.5434127048373,197.7040424344932,1.0,207.7,12.35354199915235
0.3576777840645086,0.3651479583242427,0.2771742576112487,455.42247457638985,142.3493380875162,1.0,207.7,12.35354199915235
0.2556534491535885,0.3049384047535762,0.4394081460928353,372.40188183810767,56.14413512056709,1.0,207.7,12.35354199915235
0.4155708909662675,0.4833505147540607,0.1010785942796716,642.0109755098636,150.05661602577806,1.0,207.7,12.35354199915235
0.375340457655874,0.1859092361053861,0.4387503062387399,599.8176257822215,101.10871730593128,1.0,207.7,12.35354199915235
0.5343043665794815,0.2342153930324572,0.2314802403880612,371.28259570272746,174.9573316480301,1.0,207.7,12.35354199915235
0.3950941549027278,0.2711044718028513,0.3338013732944208,362.57459436194085,181.57154904094733,1.0,207.7,12.35354199915235
0.4873159234368697,0.2452996104913342,0.2673844660717961,587.7218610921313,140.70124112169017,1.0,207.7,12.35354199915235
0.4059995330044746,0.2540666019363956,0.3399338650591297,410.8599345859887,63.55636311164388,1.0,207.7,12.35354199915235
0.1713770295960192,0.3843133534044224,0.4443096169995584,381.4276038865498,190.4764388471657,1.0,207.7,12.35354199915235
0.1994293158459491,0.7215105170307445,0.0790601671233062,489.0021841598464,126.23159363393964,1.0,207.7,12.35354199915235
0.2862873621445774,0.4631641880509793,0.2505484498044433,361.4764615295823,171.7406999053236,1.0,207.7,12.35354199915235
0.2653030541887381,0.4141583099220297,0.3205386358892323,607.3915631818161,159.8875527338472,1.0000000000000002,207.7,12.35354199915235
0.0459738620047469,0.4112702403545432,0.5427558976407099,379.88205923721154,172.317971089362,1.0,207.7,12.35354199915235
0.981239707315644,0.0085240450406898,0.0102362476436661,689.0359774427807,148.67902051055694,1.0,207.7,12.35354199915235
0.0963340320785447,0.7522652152586595,0.1514007526627956,381.747941523025,83.76552781004881,1.0,207.7,12.35354199915235
0.6618678314520668,0.1015060011930111,0.2366261673549221,345.45891553886577,189.05975463817143,1.0000000000000002,207.7,12.35354199915235
0.3962612019086584,0.3624625167225886,0.2412762813687528,598.1489225823107,119.21815870095624,1.0,207.7,12.35354199915235
0.4871616988281594,0.4072971124107025,0.1055411887611381,442.1045817269272,187.32920082121385,1.0,207.7,12.35354199915235
0.1790730243667341,0.4400856606160188,0.3808413150172471,488.2856012613273,113.33984831701798,1.0,207.7,12.35354199915235
0.3700900422278855,0.2768687862404733,0.3530411715316411,444.0731134027555,139.46256455365773,1.0,207.7,12.35354199915235
0.6216919897719196,0.1505110861939042,0.227796924034176,357.2182394933737,169.25170563993962,1.0,207.7,12.35354199915235
0.1970104964363724,0.4051091454145836,0.397880358149044,690.5307095671737,57.46740286902132,1.0,207.7,12.35354199915235
0.4645086410985498,0.0617309181448635,0.4737604407565867,444.80414062910336,64.43812639508387,1.0,207.7,12.35354199915235
0.2095773242317908,0.6148025486275198,0.1756201271406893,454.18553191614353,67.21811018054218,1.0,207.7,12.35354199915235
0.4617524716920247,0.220215905127814,0.3180316231801612,590.9629602956372,107.24906000786818,1.0,207.7,12.35354199915235
0.4914058248387861,0.2845006842197614,0.2240934909414524,425.2776963131939,190.74976373239937,1.0,207.7,12.35354199915235
0.404925422412512,0.1288726700890512,0.4662019074984369,610.5504094387916,170.52058648681412,1.0,207.7,12.35354199915235
0.2495892826733723,0.7284563737484829,0.0219543435781447,352.1484208991752,121.02942308347532,1.0,207.7,12.35354199915235
0.2885076566895157,0.4867907763302769,0.2247015669802073,469.25603436008,153.67024532202728,1.0,207.7,12.35354199915235
0.1925267718566506,0.4977121506298264,0.3097610775135229,622.097345588621,93.8494622626758,1.0,207.7,12.35354199915235
0.4421763517512198,0.179261826397179,0.378561821851601,384.0047377820381,90.18840670705194,0.9999999999999998,207.7,12.35354199915235
0.5485180573410886,0.0180937174690997,0.4333882251898115,546.32876639594,125.48142960387231,0.9999999999999998,207.7,12.35354199915235
0.4685115060316859,0.4253686080548241,0.1061198859134899,663.8436033380826,50.1769853639255,1.0,207.7,12.35354199915235
0.4621021437419216,0.4001445898446167,0.1377532664134615,693.8476784363877,115.10510384853924,1.0,207.7,12.35354199915235
0.5397476977675821,0.4525205536053253,0.0077317486270924,659.803299530396,95.98105542610917,1.0,207.7,12.35354199915235
0.0202372567902272,0.6494791909837241,0.3302835522260486,462.2395500229428,70.64438741815925,1.0,207.7,12.35354199915235
0.2507169098591668,0.4158925826432597,0.3333905074975735,493.6739160868876,60.25918381841349,1.0,207.7,12.35354199915235
0.1641195688550998,0.4049777229146853,0.4309027082302149,475.0919695231551,65.31686048956888,1.0,207.7,12.35354199915235
0.6120249555257311,0.2596936015689754,0.1282814429052936,638.0806437578738,60.1894649566671,1.0000000000000002,207.7,12.35354199915235
0.3234796906349734,0.0521737878472571,0.6243465215177695,427.831252489209,91.42478132322016,1.0,207.7,12.35354199915235
0.0997137932440582,0.2642537776339876,0.6360324291219541,551.15957120908,187.73977293815523,1.0,207.7,12.35354199915235
0.6196437457461567,0.1393458575625411,0.2410103966913021,595.8973653931912,61.76574849364428,1.0,207.7,12.35354199915235
0.8688373318412419,0.1106280371934031,0.0205346309653549,426.4986574889986,101.44176271097824,1.0,207.7,12.35354199915235
0.1700366424179222,0.4238684383544472,0.4060949192276304,642.9697160991616,164.86464682972826,1.0,207.7,12.35354199915235
0.1166741982349677,0.3757595602370414,0.5075662415279909,656.3338845205484,191.18146944873564,1.0,207.7,12.35354199915235
0.1321541813391963,0.0772974286056539,0.7905483900551498,393.0107814258385,102.29660844423648,1.0,207.7,12.35354199915235
0.116644806369013,0.2408976047539866,0.6424575888770003,616.031498971497,59.68344910032992,1.0,207.7,12.35354199915235
0.1592523124869163,0.154927157104643,0.6858205304084406,510.68942115765896,168.35782017870858,1.0,207.7,12.35354199915235
0.4578028084045952,0.3395803684587529,0.202616823136652,348.0995687643782,108.71478460684204,1.0000000000000002,207.7,12.35354199915235
0.2514411030325988,0.7196702203624681,0.0288886766049331,583.2931761308611,190.3096038927012,1.0,207.7,12.35354199915235
0.4679681209913001,0.0434076975706976,0.4886241814380021,318.67321538528535,161.95112137727432,1.0,207.7,12.35354199915235
0.1452444208915692,0.40581822607757,0.4489373530308607,334.7491814104244,122.45131847653964,1.0,207.7,12.35354199915235
0.3513994730313077,0.3117143074176646,0.3368862195510275,307.9752857303712,128.18106912939055,1.0,207.7,12.35354199915235
0.0335107596690952,0.8590883807651011,0.1074008595658036,443.7939099070544,73.4400173503539,1.0,207.7,12.35354199915235
0.0619744877567061,0.3820357176778657,0.5559897945654282,566.7749657961451,179.36621901692757,1.0,207.7,12.35354199915235
0.3732052457304028,0.1515107113183477,0.4752840429512494,470.4331877648197,186.5869949359836,1.0,207.7,12.35354199915235
0.2189705715002453,0.4260758488873066,0.354953579612448,389.2190929431276,186.3651403276629,1.0,207.7,12.35354199915235
0.4242459624026089,0.1925903151798399,0.3831637224175511,337.7505981030246,178.2951309165644,1.0,207.7,12.35354199915235
0.2044192745630546,0.3856864301809147,0.4098942952560306,357.6776858498958,106.72343074805023,1.0,207.7,12.35354199915235
0.2921586364961748,0.3834092750676252,0.3244320884361999,312.72799888716395,160.36396681096957,1.0,207.7,12.35354199915235
0.1617463996336671,0.4534474189672379,0.384806181399095,667.0939663352389,180.5518236213228,1.0,207.7,12.35354199915235
0.5602135268435701,0.3858457895776143,0.0539406835788156,458.4942599437368,174.60845974167057,1.0,207.7,12.35354199915235
0.2183658367098694,0.437024177880359,0.3446099854097715,612.5231489416763,118.25970426426494,1.0,207.7,12.35354199915235
0.3826918814826894,0.3726942865103749,0.2446138320069356,388.6771747629304,175.32609432746503,1.0,207.7,12.35354199915235
0.342973644362455,0.3454309716579619,0.3115953839795831,434.5148722954754,101.87667659992248,1.0,207.7,12.35354199915235
0.2731895121727964,0.4267303571316225,0.300080130695581,643.4488788380377,112.12706101318004,1.0,207.7,12.35354199915235
0.1092757927001608,0.4365895170192573,0.4541346902805818,505.9565715314189,78.3134413908037,1.0,207.7,12.35354199915235
0.5246644989606828,0.1103942093362551,0.3649412917030621,442.6451676243306,81.59757489308593,1.0000000000000002,207.7,12.35354199915235
0.2994956441361577,0.4701215287215529,0.2303828271422893,538.8727718943634,177.77398655490703,1.0,207.7,12.35354199915235
0.4437523479897686,0.2043272299039012,0.3519204221063302,484.6103503384123,51.55107502696253,1.0,207.7,12.35354199915235
0.4442462003699211,0.1144133737094307,0.4413404259206483,480.4006446196622,80.11408418318611,1.0000000000000002,207.7,12.35354199915235
0.3559477771523329,0.2885774083286675,0.3554748145189996,377.118402429178,55.17874545881068,1.0,207.7,12.35354199915235
0.1027802796872389,0.3561314214842003,0.5410882988285607,618.4626520126099,138.9519480258691,1.0,207.7,12.35354199915235
0.3204177608370164,0.2026584897963492,0.4769237493666344,447.0552924557424,153.43492516315823,1.0,207.7,12.35354199915235
0.2005300628839152,0.3743029097339454,0.4251670273821393,428.18460593496144,86.07996006716004,1.0,207.7,12.35354199915235
0.4803882791700365,0.3542241868125935,0.1653875340173699,422.4471389721882,52.34979050010675,1.0,207.7,12.35354199915235
0.8713103246291511,0.0819322600018883,0.0467574153689605,370.0701931228288,60.87210708430808,1.0,207.7,12.35354199915235
0.2071893929104172,0.6704745098126349,0.1223360972769478,464.1951254818297,68.34508094257963,1.0,207.7,12.35354199915235
0.1721625227045072,0.202794908796161,0.6250425684993317,341.3996535306145,124.92113860035208,1.0,207.7,12.35354199915235
0.4597455917975341,0.1376759079578898,0.402578500244576,653.1785814149102,102.6082918369206,1.0,207.7,12.35354199915235
0.0217813211682241,0.4562288670339026,0.5219898117978733,374.7771666168461,104.65014888360152,1.0,207.7,12.35354199915235
0.295724921349146,0.5573744596199807,0.1469006190308734,668.0119626426233,105.52816795677046,1.0000000000000002,207.7,12.35354199915235
0.6149689296739872,0.227331443244212,0.1576996270818007,311.5621737270361,173.7317667876314,1.0,207.7,12.35354199915235
0.3828408079299179,0.5433692717574189,0.0737899203126632,400.2006606741476,57.09993502205649,1.0,207.7,12.35354199915235
0.1020414956418126,0.4484568999690893,0.449501604389098,586.519583296863,62.166115298425865,1.0,207.7,12.35354199915235
0.447285635210827,0.3513007084861423,0.2014136563030306,699.9830751908614,193.905091562799,1.0,207.7,12.35354199915235
0.2001146324444095,0.3068823685783323,0.4930029989772581,537.548042576632,161.2835195032407,1.0,207.7,12.35354199915235
0.1323245673665417,0.708690817831724,0.1589846148017342,641.4756823045941,177.01803009944138,1.0,207.7,12.35354199915235
0.0331439224778833,0.3820254397671793,0.5848306377549374,557.7577981998302,132.23208425457403,1.0,207.7,12.35354199915235
0.0773513540008762,0.5035254491660132,0.4191231968331106,508.36040510976,78.75498812652553,1.0,207.7,12.35354199915235
0.3738891030280988,0.1950041413742619,0.4311067555976393,397.920458553136,77.31405548602625,1.0,207.7,12.35354199915235
0.2148578357609727,0.3865733893322386,0.3985687749067886,351.7122669650667,111.13267523219758,1.0,207.7,12.35354199915235
0.1794197396899792,0.211976966721901,0.6086032935881197,513.5852497576998,153.96824644603822,1.0,207.7,12.35354199915235
0.0502217537814018,0.8647762010782045,0.0850020451403936,319.3515842274722,191.38648825372417,1.0,207.7,12.35354199915235
0.0624106569762402,0.4537179717709447,0.4838713712528151,356.60354716895245,183.487234454706,1.0,207.7,12.35354199915235
0.0220318030157199,0.6855318259491792,0.2924363710351008,664.6586664149384,147.25267533719494,1.0,207.7,12.35354199915235
0.3459566242224969,0.1884860540076032,0.4655573217698999,634.3857112326598,55.72251125818792,1.0,207.7,12.35354199915235
0.3875651199913605,0.5764929435606356,0.0359419364480039,370.4238387419441,96.82822933435466,1.0000000000000002,207.7,12.35354199915235
0.6132943540603808,0.2380603909438772,0.148645254995742,429.720168641756,167.11585152325728,1.0,207.7,12.35354199915235
0.4129208799861726,0.2082499888880971,0.3788291311257301,376.6771361767311,195.27806899203017,1.0,207.7,12.35354199915235
0.5064098991624788,0.314011795865656,0.1795783049718652,526.8220250579484,95.74705089018288,1.0,207.7,12.35354199915235
0.1618693712664487,0.7501010701705064,0.088029558563045,447.7048091573597,190.0475577841301,1.0000000000000002,207.7,12.35354199915235
0.4832453419155507,0.4198405415109462,0.096914116573503,441.01268292339125,141.73542687554624,1.0,207.7,12.35354199915235
0.023587324537062,0.2991827244088071,0.6772299510541306,595.0066403216151,166.5144018164191,1.0,207.7,12.35354199915235
0.6798725765752663,0.1185943018865959,0.2015331215381377,375.2101499040343,175.6548205138271,1.0,207.7,12.35354199915235
0.4882569816184963,0.0907820157901005,0.4209610025914031,404.7430044181067,159.65740831463495,1.0,207.7,12.35354199915235
0.423017167721865,0.3649072500012188,0.2120755822769162,436.9234404794825,146.74397842632155,1.0,207.7,12.35354199915235
0.3915129536791565,0.3750332843899417,0.2334537619309017,449.8793643282258,74.56523034040423,1.0000000000000002,207.7,12.35354199915235
0.3296394558238462,0.3315398754272333,0.3388206687489204,401.4778478929269,195.59373981946703,1.0,207.7,12.35354199915235
0.1050993928926101,0.1397764743306256,0.7551241327767643,421.2471380563062,186.0756938684017,1.0,207.7,12.35354199915235
0.2341729858256099,0.3518063127665463,0.4140207014078437,529.9084911147719,56.787884599135296,1.0,207.7,12.35354199915235
0.3108579872278359,0.2618710919005117,0.4272709208716525,561.4013646016917,72.06303580310178,1.0000000000000002,207.7,12.35354199915235
0.395646921694481,0.0925295935552779,0.5118234847502412,509.17564705631753,180.3219453222673,1.0,207.7,12.35354199915235
0.4806852026795549,0.2205756343023811,0.2987391630180639,686.8629758978534,178.9699137804514,1.0,207.7,12.35354199915235
0.3783505031506082,0.5680044855422083,0.0536450113071834,383.5189017897509,192.5708467798135,1.0,207.7,12.35354199915235
0.293520833645465,0.2179585093473832,0.4885206570071517,567.2566698941831,192.80569855659385,1.0,207.7,12.35354199915235
0.925422544100768,0.0399908297974268,0.034586626101805,435.8826054134339,157.8991142508718,1.0,207.7,12.35354199915235
0.5014794824049279,0.3815527041784198,0.1169678134166523,678.5258763026254,103.30282962118422,1.0,207.7,12.35354199915235
0.4602507407714149,0.3350094720125016,0.2047397872160834,346.2952629502828,66.78448355250008,1.0,207.7,12.35354199915235
0.6482490018938456,0.1227075984858302,0.229043399620324,481.527438587128,196.87290346383483,1.0,207.7,12.35354199915235
0.3721856633253289,0.4038006981605559,0.224013638514115,648.59293149021,145.5486364280888,1.0,207.7,12.35354199915235
0.4821967321525935,0.143561525024241,0.3742417428231653,391.31561970926566,144.6830331593382,1.0,207.7,12.35354199915235
0.1965428843310679,0.4029253201163264,0.4005317955526056,487.7588794906238,132.79067911997905,1.0,207.7,12.35354199915235
0.0987740935615146,0.5223428254948641,0.3788830809436211,485.4549428329873,88.19755617427823,1.0,207.7,12.35354199915235
0.2261969446357944,0.4484454251991502,0.3253576301650553,613.8265985998692,147.96004722105852,1.0,207.7,12.35354199915235
0.6892829177258848,0.073692647986548,0.2370244342875671,511.8289353429776,176.0299726165569,1.0,207.7,12.35354199915235
0.2355863643654199,0.2305694763749965,0.5338441592595834,539.9008495564473,62.82846006688528,1.0,207.7,12.35354199915235
0.0767140876367505,0.6121666186310432,0.3111192937322062,624.8504741694952,152.41804036987762,1.0,207.7,12.35354199915235
0.4972432475778,0.2041536290555682,0.2986031233666317,365.3267693902387,64.35114303462719,1.0,207.7,12.35354199915235
0.4681287289503425,0.4607292370728194,0.0711420339768381,431.5095124648047,146.29576257995694,1.0,207.7,12.35354199915235
0.2142415114380703,0.6671399802897335,0.118618508272196,540.7134004468201,124.62792531551612,1.0,207.7,12.35354199915235
0.2522649079125089,0.5917908248666149,0.1559442672208761,335.8456466108052,177.38641372176966,1.0,207.7,12.35354199915235
0.1922714011012191,0.4301419303871341,0.3775866685116467,676.728214977807,181.0924385158621,1.0,207.7,12.35354199915235
0.084590478048709,0.0729905662182196,0.8424189557330714,680.8571790599541,135.34873419333866,1.0,207.7,12.35354199915235
0.4802663494666692,0.0494763103960832,0.4702573401372476,551.3881946496539,128.94671829272528,1.0,207.7,12.35354199915235
0.1690822306005752,0.3710831694617645,0.4598345999376603,346.5548810169633,148.9074621132507,1.0,207.7,12.35354199915235
0.487082621882689,0.0949314496113114,0.4179859285059994,507.3839274254729,185.8720187284027,1.0,207.7,12.35354199915235
0.1840122320815456,0.4191004458804643,0.3968873220379901,368.9606216626728,89.71927692407257,1.0000000000000002,207.7,12.35354199915235
0.5111752911434674,0.0891283896592892,0.3996963191972433,613.2686579827259,143.88726261415155,1.0,207.7,12.35354199915235
0.27754325676491,0.5486790415400971,0.173777701694993,340.45991789440615,149.6361764799537,1.0,207.7,12.35354199915235
0.4795151409569178,0.2701350969293475,0.2503497621137346,366.1377538234448,164.44924638519944,1.0,207.7,12.35354199915235
0.0655804956861964,0.4853564903357722,0.4490630139780313,490.2785586135369,68.79442101709311,1.0,207.7,12.35354199915235
0.1911621917428262,0.3970943685835611,0.4117434396736127,527.7946225907718,53.009068526350696,1.0,207.7,12.35354199915235
0.3195988828439915,0.3323170414934845,0.3480840756625241,367.8863168593187,149.44206197280948,1.0,207.7,12.35354199915235
0.0515378250422197,0.4501849391392242,0.498277235818556,439.7892405485145,59.32112030839785,1.0,207.7,12.35354199915235
0.4584625753508441,0.2927144875880787,0.248822937061077,385.552921170134,103.82064319003814,1.0,207.7,12.35354199915235
0.323648644401986,0.4385817284502493,0.2377696271477647,339.793154257481,117.00112266453893,1.0000000000000002,207.7,12.35354199915235
0.2578371999027553,0.4552195177305796,0.286943282366665,682.2512204640993,121.90302023469047,1.0,207.7,12.35354199915235
0.2518376426846105,0.0092632177606707,0.7388991395547186,329.4749669424312,172.96875455185915,1.0,207.7,12.35354199915235
0.1935758841051708,0.415657476113134,0.3907666397816952,416.4140991962967,165.2232927084362,1.0,207.7,12.35354199915235
0.2207376242596408,0.5710165209704364,0.2082458547699227,411.2420055639642,134.5055847657604,1.0,207.7,12.35354199915235
0.1692877223958319,0.5337492063170861,0.2969630712870817,651.8479638272324,90.83048738481818,0.9999999999999998,207.7,12.35354199915235
0.1110481033451472,0.7172169322804938,0.1717349643743589,543.1689989347773,199.2038808582269,1.0,207.7,12.35354199915235
0.0310140613064597,0.3281436175010838,0.6408423211924564,344.0401188960673,125.67544565993208,1.0,207.7,12.35354199915235
0.4197577959900057,0.5212942591233873,0.0589479448866067,398.9053246686349,133.23884820550194,1.0,207.7,12.35354199915235
0.6189845284547314,0.0836122128712908,0.2974032586739777,519.7963605482981,140.18422361256103,1.0,207.7,12.35354199915235
0.2835737669243602,0.4303202252750576,0.2861060078005821,582.8894769323375,79.59638498204916,1.0,207.7,12.35354199915235
0.293202494843026,0.3531571534393415,0.3536403517176324,355.5299844059553,73.71013921238955,1.0,207.7,12.35354199915235
0.2702631732294207,0.4517502216661144,0.2779866051044649,387.1530250546799,189.6712703385592,1.0,207.7,12.35354199915235
0.1511232199705327,0.4395595090485831,0.4093172709808841,502.3257716366986,123.03139724758614,1.0,207.7,12.35354199915235
0.0185011942396642,0.1277036321615464,0.8537951735987893,403.42125490529816,158.63919145193643,1.0,207.7,12.35354199915235
0.7317577537043974,0.1124755795533556,0.155766666742247,653.7260359988379,52.4392838641169,1.0,207.7,12.35354199915235
0.4941889837460489,0.2893586277798088,0.2164523884741422,675.3117232873745,50.40548069443899,1.0,207.7,12.35354199915235
0.2813660065972068,0.6174631902510226,0.1011708031517706,490.63697784436783,153.13869213643653,1.0,207.7,12.35354199915235
0.2357040999139371,0.4722796739472526,0.2920162261388102,467.8401640554735,96.712306536971,1.0,207.7,12.35354199915235
0.0655669631337907,0.8615025556259462,0.072930481240263,326.9538972116607,192.41026245675005,1.0,207.7,12.35354199915235
0.0918150539568512,0.6380419506829649,0.2701429953601839,406.3961141297782,134.6811514736417,1.0,207.7,12.35354199915235
0.2929317371449716,0.5426048973212662,0.1644633655337622,592.4111638003512,151.2691590732053,1.0,207.7,12.35354199915235
0.8468273022691766,0.0467837184501804,0.1063889792806428,397.12146569596734,50.63056397584967,1.0,207.7,12.35354199915235
0.3979307447664829,0.3243514524759809,0.2777178027575361,594.2554350433866,71.79436385782233,1.0,207.7,12.35354199915235
0.483747177388566,0.3453630817296558,0.1708897408817781,460.4029690057366,120.22422632533484,1.0,207.7,12.35354199915235
0.3366972855373846,0.2770534019189778,0.3862493125436373,529.5357781436768,142.92118112107556,1.0,207.7,12.35354199915235
0.3485970323886013,0.3484128851929146,0.302990082418484,310.7410874649634,82.55060051276206,1.0,207.7,12.35354199915235
0.0621680785859495,0.4696156348058799,0.4682162866081706,659.089135558846,136.57148220624757,1.0,207.7,12.35354199915235
0.3714939802226001,0.2999293874746584,0.3285766323027413,637.1458035207249,115.67925801649784,1.0,207.7,12.35354199915235
0.0037182121789383,0.4217044522823108,0.5745773355387508,646.9695520250223,131.68287641294245,1.0,207.7,12.35354199915235
0.2983714708074458,0.4040221844684163,0.2976063447241379,661.5288570055598,133.99287304806285,1.0000000000000002,207.7,12.35354199915235
0.2052058465501043,0.3645047614315843,0.4302893920183113,517.9613813457134,100.57212673904598,1.0,207.7,12.35354199915235
0.3313949905198777,0.3737037391243309,0.2949012703557913,632.8087264484,64.95496113297523,1.0,207.7,12.35354199915235
0.3788956762379069,0.2904388880185195,0.3306654357435736,359.2909321408536,57.60043581031877,1.0,207.7,12.35354199915235
0.3124933085905692,0.2902453838834936,0.3972613075259372,546.9067351492008,85.24356703695261,1.0,207.7,12.35354199915235
0.1633176459378192,0.3094962549250634,0.5271860991371174,466.9993176866759,161.79048582593455,1.0,207.7,12.35354199915235
0.0661243325490179,0.4373016492724298,0.4965740181785522,662.2929708595249,129.2918421997373,1.0,207.7,12.35354199915235
0.4946481594123882,0.2950588687963973,0.2102929717912144,652.7931061942929,58.985824898343054,1.0,207.7,12.35354199915235
0.0577813308021243,0.4701620583383431,0.4720566108595325,672.2015432327361,138.47844135024772,1.0,207.7,12.35354199915235
0.4632523663916482,0.496121739681123,0.0406258939272288,534.3912522231115,172.52144319436238,1.0,207.7,12.35354199915235
0.5127350607256979,0.034784560748476,0.4524803785258261,342.3008592857972,150.33342331402997,1.0,207.7,12.35354199915235
0.1481709626920308,0.6027835071279221,0.249045530180047,404.8859668041639,198.8582681904973,1.0,207.7,12.35354199915235
0.0807311406981607,0.1157079899067473,0.8035608693950919,562.1361716963588,118.720416689231,1.0,207.7,12.35354199915235
0.5859641035911678,0.117086360979346,0.2969495354294861,543.5700499413168,194.45386537402507,1.0,207.7,12.35354199915235
0.8061506660152028,0.1743640207741947,0.0194853132106024,429.5461005558936,92.32056142120734,1.0,207.7,12.35354199915235
0.4831183726801532,0.4115253324995896,0.105356294820257,611.9224523665686,143.32991657011536,1.0,207.7,12.35354199915235
0.4579988238464061,0.0260431788038584,0.5159579973497355,450.6946971662629,173.97279517017802,1.0,207.7,12.35354199915235
0.3517450223494131,0.3393273631766059,0.308927614473981,362.1420293451346,181.79081790145105,1.0,207.7,12.35354199915235
0.0774298324928377,0.4219621547659059,0.5006080127412563,499.65029756624017,194.97316375707703,1.0,207.7,12.35354199915235
0.2276948526744069,0.5163015636100242,0.2560035837155688,585.1684497930685,192.0555873808215,1.0,207.7,12.35354199915235
0.4651852203170032,0.2051790726450197,0.329635707037977,469.93361739034754,191.7244425946085,1.0,207.7,12.35354199915235
0.288787559021372,0.4245135694621437,0.2866988715164844,523.3678054756884,155.1125718095946,1.0,207.7,12.35354199915235
0.4580100735730632,0.4210745970412392,0.1209153293856975,657.3814747674196,168.64178006580255,1.0,207.7,12.35354199915235
0.3093154175904927,0.2069999098112936,0.4836846725982137,696.3261800396444,105.13347860370888,1.0,207.7,12.35354199915235
0.5369137135002103,0.3036022749688773,0.1594840115309123,506.72690991219866,167.79842256703677,1.0,207.7,12.35354199915235
0.3017939499600915,0.3485540235752167,0.3496520264646918,438.7841970722433,156.0895302841255,1.0,207.7,12.35354199915235
0.0968644239713567,0.4198269310020708,0.4833086450265724,589.3012931653931,176.61675690587714,1.0,207.7,12.35354199915235
0.7538027687768579,0.0136903805854768,0.2325068506376653,574.9293555803176,178.45528080933468,1.0,207.7,12.35354199915235
0.6083163584694492,0.250430783201278,0.1412528583292726,354.311343384241,186.917402074212,0.9999999999999998,207.7,12.35354199915235
0.7626170906771393,0.0674675906767679,0.1699153186460927,350.4613578477937,105.83490011552826,1.0,207.7,12.35354199915235
0.5692947473892466,0.3776386228573775,0.0530666297533759,516.1444393955643,93.65041998848235,1.0,207.7,12.35354199915235
